slug,post_id,name,category
teda,27892,Teda,Territories
isoko,27861,Isoko,Territories
urhobo,27859,Urhobo,Territories
oma-iwere-itsekiri,27856,Oma Iwere (Itsekiri),Territories
ijo,27837,Ijo,Territories
cayapo-do-sul,27813,Cayapó do Sul,Territories
chupicuaro,27796,Chupícuaro,Territories
yoruba,27758,Yoruba,Territories
igbo,27691,Igbo,Territories
iznasen,27660,Iznasen,Territories
infusen-nafusa,27638,Infusen (Nafusa),Territories
mozabite,27633,Mozabite,Territories
ghomara,27616,Ghomara,Territories
icenwiyen,27598,Icenwiyen,Territories
isawiyen,27581,Isawiyen,Territories
imuhar,27563,Imuhar,Territories
pocorosa,27560,Pocorosa,Territories
careta,27557,Careta,Territories
comogre,27555,Comogre,Territories
zayanes,27538,Zayanes,Territories
riffian,27520,Riffian,Territories
siwa-siwi,27502,Siwa (Siwi),Territories
chiapes,27501,Chiapes,Territories
chucama,27483,Chucama,Territories
shilha-chleuh,27482,Shilha (Chleuh),Territories
kabyle,27456,Kabyle,Territories
quepoa,27458,Quepoa,Territories
pococes,27455,Pococes,Territories
terarequi,27406,Terarequi,Territories
cuarecua,27404,Cuarecuá,Territories
chuchures,27401,Chuchures,Territories
biru,27397,Birú,Territories
irbolos,27393,Irbolos,Territories
robalos,27390,Robalos,Territories
chalivas,27388,Chalivas,Territories
suries,27385,Suries,Territories
dolegas,27383,Dolegas,Territories
carates,27381,Carates,Territories
chirilues,27378,Chirilues,Territories
querebalos,27375,Querebalos,Territories
cocles,27372,Cocles,Territories
cotos,27370,Cotos,Territories
amazigh,27368,Amazigh,Territories
changuinas,27351,Chánguinas,Territories
doraces,27349,Doraces,Territories
uraba,27346,Urabá,Territories
gunadule,27329,Gunadule,Territories
cueva,27311,Cueva,Territories
bokota-bugle,27308,Bokota (Buglé),Territories
islenos,27297,Isleños,Territories
melchoras,27278,Melchoras,Territories
suerre,27254,Suerre,Territories
corobici,27239,Corobicí,Territories
kukras,27234,Kukras,Territories
silam,27232,Silam,Territories
prinzus,27229,Prinzus,Territories
bawikas,27226,Bawikas,Territories
panamakas,27222,Panamakas,Territories
kum,27219,Kum,Territories
yuskus,27217,Yuskus,Territories
boas,27198,Boas,Territories
olives,27193,Olives,Territories
comecamotes,27191,Comecamotes,Territories
malpucanos,27189,Malpucanos,Territories
cometunas,27186,Cometunas,Territories
bocasprietas,27183,Bocasprietas,Territories
comepescados,27181,Comepescados,Territories
kalaallit-nunaat,27139,Kalaallit Nunaat,Territories
naduten,27116,Nadut'en,Territories
patuxent,27060,Patuxent,Territories
okchai,27025,Okchai,Territories
chakchiuma-2,27023,Chakchiuma,Territories
yatasi,27018,Yatasi,Territories
adai,27012,Adai,Territories
taensa,27007,Taensa,Territories
avoyel,27003,Avoyel,Territories
truenos,26998,Truenos,Territories
garzas,26996,Garzas,Territories
tepemacas,26994,Tepemacas,Territories
tagualilos,26992,Tagualilos,Territories
panguays,26990,Panguays,Territories
saraguayes,26987,Saraguayes,Territories
pasitas-del-sur,26985,Pasitas (del sur),Territories
maratines,26983,Maratines,Territories
pasitas,26980,Pasitas,Territories
bayagoula,26975,Bayagoula,Territories
pasitas-del-norte,26974,Pasitas (del norte),Territories
mariguanes,26966,Mariguanes,Territories
okelousa,26969,Okelousa,Territories
pisones,26934,Pisones,Territories
nahua-2,26929,Nahua,Territories
oji-cree,26841,Oji-Cree,Territories
janambre,26761,Janambre,Territories
texistepequeno,26725,Texistepequeño,Territories
olutecos,26687,Olutecos,Territories
sayulteco,26651,Sayulteco,Territories
yazoo,26629,Yazoo,Territories
baaj-qyool-teko,26587,B'a'aj/Qyool (Teko),Territories
kraho-kanela,26582,Krahô-Kanela,Territories
tioux,26576,Tioux,Territories
koroa,26571,Koroa,Territories
dagarkunyala,26550,Dagarkunyala,Territories
grigra,26524,Grigra,Territories
acolapissa,26518,Acolapissa,Territories
chawasha,26506,Chawasha,Territories
washa,26446,Washa,Territories
pascagoula,26439,Pascagoula,Territories
guale-2,26437,Guale,Territories
hitchiti,26423,Hitchiti,Territories
pensacola-2,26403,Pensacola,Territories
chatot-2,26400,Chatot,Territories
ofo-2,26395,Ofo,Territories
mascogo,26084,Mascogo,Territories
kuahl,25954,Ku'ahl,Territories
marajoara,25844,Marajoara,Territories
arawakos-western,25796,Arawakos (Western),Territories
tupinamba-de-olivenca,25677,Tupinambá de Olivença,Territories
payaku,25675,Payaku,Territories
tupinamba-2,25673,Tupinambá,Territories
tubiba,25670,Tubiba,Territories
kalabaca,25668,Kalabaça,Territories
tapuia,25666,Tapuia,Territories
kariri,25663,Kariri,Territories
kaninde,25660,Kanindé,Territories
transquaking,25657,Transquaking,Territories
chincoteague,25655,Chincoteague,Territories
assateague,25651,Assateague,Territories
potiguara,25632,Potiguara,Territories
tabajara,25630,Tabajara,Territories
pitaguari,25600,Pitaguarí,Territories
annemessex,25614,Annemessex,Territories
wicomico,25612,Wicomico,Territories
manokin,25610,Manokin,Territories
tockwogh,25608,Tockwogh,Territories
ozinie,25606,Ozinie,Territories
matapeake,25604,Matapeake,Territories
tapeba,25597,Tapeba,Territories
anace,25595,Anacé,Territories
tremembe,25578,Tremembé,Territories
choptank,25562,Choptank,Territories
acaxee,25223,Acaxee,Territories
scianew,25095,Sc'ianew,Territories
yabaham-cuicateco,25051,Yabaham (Cuicateco),Territories
nonotuck,25035,Nonotuck,Territories
ezar-chichimeco-jonaz,24931,Ézá’r (Chichimeco Jonaz),Territories
xi-ui-pame,24916,Xi úi (Pame),Territories
matlatzinca,24757,Matlatzinca,Territories
tlahuica,24728,Tlahuica,Territories
monongahela-culture,24581,Monongahela Culture,Territories
patuxet,24550,Patuxet,Territories
kwiakah,24474,Kwiakah,Territories
lig%ca%b7ildax%ca%b7,24440,Liǧʷiłdax̌ʷ,Territories
schaghticoke,24436,Schaghticoke,Territories
agawam,24434,Agawam,Territories
naumkeag,24421,Naumkeag,Territories
confederated-tribes-of-the-colville-reservation,24327,Confederated Tribes of the Colville Reservation,Territories
itza,23941,Itza' Winikoo',Territories
caquetio,23915,Caquetío,Territories
waikeri,23899,Waikerí,Territories
tfuea,23757,Tfuea,Territories
tapangu,23755,Tapangu,Territories
duhtu,23752,Duhtu,Territories
kanakanbu,23750,Kanakanbu,Territories
saaroa,23748,Saaroa,Territories
hoanya,23745,Hoanya,Territories
takopulan,23706,Takopulan,Territories
taivoan,23704,Taivoan,Territories
siraya,23702,Siraya,Territories
makatao,23700,Makatao,Territories
xoko,23673,Xokó,Territories
yanbaru,23670,Yanbaru,Territories
amami,23667,Amami,Territories
kunigami-2,23662,Kunigami,Territories
uchinaa,23658,Uchinaa,Territories
awakateka-2,23619,Awakateka,Territories
ijesa,23550,Ijesa,Territories
igbomina,23548,Igbomina,Territories
ife,23546,Ife,Territories
ibolo,23544,Ibolo,Territories
egba,23542,Egba,Territories
ijebu,23540,Ijebu,Territories
remo,23538,Remo,Territories
yewa,23536,Yewa,Territories
ekiti,23534,Ekiti,Territories
ikale,23531,Ikale,Territories
akoko,23529,Akoko,Territories
apoi,23526,Apoi,Territories
ibadan,23524,Ibadan,Territories
ibarapa,23522,Ibarapa,Territories
ilaje,23520,Ilaje,Territories
oke-ogun,23517,Oke-Ogun,Territories
awori,23514,Awori,Territories
ogu,23512,Ogu,Territories
cabecar,23280,Cabécar,Territories
truku-taroko,23223,Truku (Taroko),Territories
thao,23221,Thao,Territories
tao-yami,23219,Tao (Yami),Territories
tsou,23216,Tsou,Territories
kajkwakratxi-tapayuna,23106,Kajkwakratxi (Tapayuna),Territories
iny-karaja,23074,Iny Karajá,Territories
itya-mahadu,23069,Itya Mahãdu,Territories
balotipone,23050,Balotiponé,Territories
akuntsu,23033,Akuntsu,Territories
xipaya,23003,Xipaya,Territories
piro-manso-tiwa-tribe,22984,Piro/Manso/Tiwa Tribe,Territories
amanage,22855,Amanagé,Territories
asurini-2,22835,Asurini,Territories
sediq,22831,Sediq,Territories
sakizaya,22828,Sakizaya,Territories
saisiyat,22825,Saisiyat,Territories
rukai,22822,Rukai,Territories
pinuyumayan,22819,Pinuyumayan,Territories
paiwan,22816,Paiwan,Territories
kanakanavu,22813,Kanakanavu,Territories
kavalan,22810,Kavalan,Territories
hlaalua,22807,Hla'alua,Territories
bunun,22804,Bunun,Territories
atayal,22799,Atayal,Territories
pangcah-amis,22786,Pangcah (Amis),Territories
arogbo-ijaws,22779,Arogbo-Ijaws,Territories
towa-panka,22773,Towa Panka,Territories
mura,22739,Mura,Territories
jukude-maku,22712,Jukude/Máku,Territories
tyohom-dyapa,22700,Tyohom-Dyapa,Territories
tukuna-2,22696,Tükuna,Territories
tukuna,22692,Tukuna,Territories
nahukwa,22681,Nahukwá,Territories
matipu,22673,Matipu,Territories
kuikuro,22669,Kuikuro,Territories
kanoe,22626,Kanoê,Territories
emerillon,22551,Emérillon,Territories
wajapi,22536,Wajãpi,Territories
saramaka,22521,Saramaka,Territories
mawayama,22502,Mawayama,Territories
uruak-2,22420,Uruak,Territories
snaw-naw-as,22395,Snaw-naw-as,Territories
myaaku,22383,Myaaku,Territories
dunaan,22369,Dunaan,Territories
yaima,22339,Yaima,Territories
mako,22321,Mako,Territories
lax-kwalaams,22290,Lax Kw'Alaams,Territories
yabarana,22233,Yabarana,Territories
mapoyo-2,22228,Mapoyo,Territories
hitnu-macaguan,22162,Hitnü - Macaguán,Territories
wamonae,22154,Wamonae,Territories
saliba,22143,Sáliba,Territories
jiw,22136,Jiw,Territories
kakua-2,22112,Kakua,Territories
piro,21869,Piro,Territories
ngati-mutunga-o-wharekauri,21851,Ngati Mutunga o Wharekauri,Territories
ette-ennaka,21826,Ette  Ennaka,Territories
bungungu,21505,Bugungu,Territories
koasati-coushatta,21481,Koasati (Coushatta),Territories
alabama-2,21432,Alabama,Territories
resighini-rancheria-yurok,21199,Resighini Rancheria (Yurok),Territories
niuachi,21102,Niúachi,Territories
plains-miwok-3,21012,Plains Miwok,Territories
confederated-villages-of-lisjan,21001,Confederated Villages of Lisjan,Territories
steilacoom,20925,Steilacoom,Territories
vilela,20803,Vilela,Territories
weenhayek,20755,Weenhayek,Territories
lule,20746,Lule,Territories
iogys-2,20731,Iogys,Territories
guaycuru,20716,Guaycurú,Territories
chane,20701,Chané,Territories
abipones,20684,Abipones,Territories
gunun-a-atuk-gunun-a-kuna,20647,Günün a atük (Günün a küna),Territories
waymaq,20501,Waymaq,Territories
dau-pom-wintu,20499,Dau Pom Wintu,Territories
dau-nom-wintu,20496,Dau Nom Wintu,Territories
nor-rel-muk-wintu,20485,Nor Rel Muk Wintu,Territories
el-pom-wintu,20482,El Pom Wintu,Territories
klbal-pom-wintu,20476,Kl'bal Pom Wintu,Territories
nom-ti-pom-wintu,20474,Nom Ti Pom Wintu,Territories
nom-sus-wintu,20462,Nom Sus Wintu,Territories
vanyume,20438,Vanyumé,Territories
mount-tabor-indian-community,20435,Mount Tabor Indian Community,Territories
ogiek,20368,Ogiek,Territories
yaros,20248,Yaros,Territories
guenoa-muinanes,20246,Guenoa-Muinanes,Territories
bohanes,20243,Bohanes,Territories
chana,20241,Chaná,Territories
enlhet-enenlhet,20221,Enlhet-Enenlhet,Territories
guana,20219,Guaná,Territories
enenlhet-toba,20217,Enenlhet-Toba,Territories
sanapana,20214,Sanapaná,Territories
enxet,20211,Enxet,Territories
enlhet,20208,Enlhet,Territories
angaite,20169,Angaité,Territories
toba-lengua,20166,Toba-Lengua,Territories
maka,20163,Maká,Territories
kikiallus,20081,KiKiallus,Territories
confederated-tribes-of-siletz-indians,20069,Confederated Tribes of Siletz Indians,Territories
biloxi-2,20056,Biloxi,Territories
tayoroniku,20028,Tayoroniku (Tunica),Territories
caldwell,20014,Caldwell,Territories
pee-dee,19993,Pee Dee,Territories
ishir-tomaraho,19984,Ishir Tomárãho,Territories
ishir-ybytoso,19982,Ishir Ybytoso,Territories
ache,19963,Aché,Territories
kichwa,19956,Kichwa,Territories
kichwa-amazonico,19915,Kichwa (Amazónico),Territories
ayahuacas,19904,Ayahuacas,Territories
caxas,19894,Caxas,Territories
yazne,19892,Yazne,Territories
pacamoro,19890,Pacamoro,Territories
calvas,19888,Calvas,Territories
malacatos,19886,Malacatos,Territories
garrochambas,19884,Garrochambas,Territories
chaparra,19882,Chaparra,Territories
amboca,19872,Amboca,Territories
otavalo,19870,Otavalo,Territories
natabuela,19866,Natabuela,Territories
karanki,19856,Karanki,Territories
kayambi,19846,Kayambi,Territories
tsachila,19844,Tsa'chila,Territories
kitu-kara,19842,Kitu Kara,Territories
panzaleo,19837,Panzaleo,Territories
tomabela,19835,Tomabela,Territories
kisapincha,19833,Kisapincha,Territories
chibuleo,19831,Chibuleo,Territories
salasaka,19828,Salasaka,Territories
waranka,19826,Waranka,Territories
manteno-huancavilca,19824,Manteño-Huancavilca,Territories
chachi,19817,Chachi,Territories
wari-2,19805,Wari,Territories
chimu,19795,Chimú,Territories
qero,19775,Q'ero,Territories
kanas,19772,Kanas,Territories
huaylas,19762,Huaylas,Territories
huancas,19760,Huancas,Territories
chankas,19757,Chankas,Territories
chopcca,19747,Chopcca,Territories
mashco-piro,19737,Mashco Piro,Territories
nanti,19716,Nanti,Territories
marinahua,19706,Marinahua,Territories
inapari,19696,Iñapari,Territories
chitonahua-murunahua,19686,Chitonahua/Murunahua,Territories
vacacocha,19676,Vacacocha,Territories
mastanahua,19666,Mastanahua,Territories
jaqaru,19656,Jaqaru,Territories
resigaro,19645,Resígaro,Territories
muniche,19633,Muniche,Territories
kakinte,19623,Kakinte,Territories
ikitu,19612,Ikitu,Territories
kacha-edze-urarina,19602,Kacha Edze (Urarina),Territories
arabela,19592,Arabela,Territories
sharanahua,19582,Sharanahua,Territories
amahuaca,19571,Amahuaca,Territories
kapanawa,19560,Kapanawa,Territories
kichwa-santarrosino,19558,Kichwa Santarrosino,Territories
kichwa-del-rio-pastaza,19556,Kichwa del Río Pastaza,Territories
iskonawa,19545,Iskonawa,Territories
kakataibo,19535,Kakataibo,Territories
shipibo-konibo,19525,Shipibo-Konibo,Territories
kichwa-del-rio-tigre,19522,Kichwa del Río Tigre,Territories
kichwa-del-rio-napo,19512,Kichwa del Río Napo,Territories
kichwa-lamista,19502,Kichwa Lamista,Territories
apalachees,19458,Apalachees,Territories
ngambri,19445,Ngambri,Territories
doeg,19392,Doeg,Territories
qwulh-hwai-pum-klickitat,19382,Qwû'lh-hwai-pûm (Klickitat),Territories
pokanoket,19367,Pokanoket,Territories
halalt,19361,Halalt,Territories
tsuubaa-asatx,19357,Ts’uubaa-asatx,Territories
kanaky,19346,Kanaky,Territories
chapra,19290,Chapra,Territories
kandozi,19272,Kandozi,Territories
awajun,19220,Awajún,Territories
harakbut,19181,Harakbut,Territories
shawi,19171,Shawi,Territories
shiwilu,19161,Shiwilu,Territories
nomatsigenga,19151,Nomatsigenga,Territories
matsigenka,19141,Matsigenka,Territories
chamicuro,19122,Chamicuro,Territories
yanesha,19112,Yanesha,Territories
quwutsun,19100,Quw'utsun,Territories
lickanantay,19083,Lickanantay,Territories
toara,19081,Toara,Territories
omaguaca,19058,Omaguaca,Territories
ocloya,19048,Ocloya,Territories
tilian,19046,Tilian,Territories
tastil,19044,Tastil,Territories
kolla,19040,Kolla,Territories
dagomba,19002,Dagomba,Territories
ga,18989,Ga,Territories
ewe,18979,Ewe,Territories
akan,18968,Akan,Territories
kolla-atacameno,18950,Kolla-Atacameño,Territories
tonokote,18936,Tonokoté,Territories
moqoit,18934,Moqoit,Territories
sanavirones,18932,Sanavirones,Territories
henia-kamiare,18922,Henîa-Kamiare,Territories
rankulche,18912,Rankülche,Territories
huarpe,18902,Huarpe,Territories
sura,18900,Sura,Territories
charka,18898,Charka,Territories
qhara-qhara,18895,Qhara Qhara,Territories
wisijsa,18841,Wisijsa,Territories
chichas,18839,Chichas,Territories
chukchansi,18836,Chukchansi,Territories
killaka-asanajaqi,18815,Killaka Asanajaqi,Territories
lipi,18797,Lipi,Territories
uru,18705,Uru,Territories
karanka,18679,Karanka,Territories
pakajaqi,18661,Pakajaqi,Territories
mongo-twa,18657,Mongo Twa,Territories
kasai-twa,18655,Kasai Twa,Territories
great-lakes-twa,18644,Great Lakes Twa,Territories
guanche,18642,Igwanchiyen (Guanche),Territories
noiria,18637,No'iria,Territories
kallawaya,18627,Kallawaya,Territories
mountain-metis,18573,Mountain Métis,Territories
cuicuilco,18551,Cuicuilco,Territories
uwa,18541,U'wa,Territories
timotes,18539,Timotes,Territories
cuica,18529,Cuica,Territories
kisii,18518,Kisii,Territories
xam,18507,!Xam,Territories
sandawe,18497,Sandawe,Territories
hadza,18486,Hadza,Territories
kitselas,18423,Kitselas,Territories
kitsumkalum,18413,Kitsumkalum,Territories
gitxaala,18403,Gitxaała,Territories
toromona,18392,Toromona,Territories
araona,18390,Araona,Territories
ecuana,18388,Ecuana,Territories
esse-ejja,18381,Esse ejja,Territories
pacahuara,18376,Pacahuara,Territories
nivacle,18374,Nivaclé,Territories
lumnanas,18372,Lumnanas,Territories
tapiete-guarani-nandeva,18369,Tapieté/Guaraní-Ñandeva,Territories
mojeno,18352,Mojeño,Territories
canichana,18342,Canichana,Territories
movima,18324,Movima,Territories
cayubaba,18314,Cayubaba,Territories
sauk-suiattle,18300,Sauk Suiattle,Territories
moregena,18298,Moregena,Territories
bia-mbya,18296,Bia Mbyá,Territories
yuracare,18293,Yuracaré,Territories
tsimane,18283,Tsimane’,Territories
moseten,18280,Mosetén,Territories
leco,18269,Leco,Territories
tacana,18257,Tacana,Territories
itonama,18247,Itonama,Territories
guarasugwe,18242,Guarasugwe,Territories
ayoreo,18222,Ayoreo,Territories
chiquitano,18215,Chiquitano,Territories
siriono,18207,Sirionó,Territories
guarayo,18203,Guarayo,Territories
baure,18193,Baure,Territories
tuxa,18191,Tuxá,Territories
tupinamba,18189,Tupinambá,Territories
tumbalala,18187,Tumbalalá,Territories
pataxo-ha-ha-hae,18183,Pataxó Hã-Hã-Hãe,Territories
kantarure,18181,Kantaruré,Territories
kiriri,18179,Kiriri,Territories
kaimbe,18177,Kaimbé,Territories
kaxixo,18175,Kaxixó,Territories
xakriaba,18173,Xakriabá,Territories
pataxo,18165,Pataxó,Territories
maxakali,18163,Maxakalí,Territories
pankararu,18161,Pankararu,Territories
krenak,18159,Krenak,Territories
laklano,18135,Laklanõ,Territories
kaingang,18127,Kaingang,Territories
mbya,18119,Mbya,Territories
xeta,18117,Xetá,Territories
nukini,18114,Nukini,Territories
puyanawa,18112,Puyanawa,Territories
yawanawa,18110,Yawanawá,Territories
nawa,18103,Nawa,Territories
yaminawa,18093,Yaminawá,Territories
katukina,18090,Katukina,Territories
huni-kuin,18083,Huni Kuin,Territories
shawanaua,18081,Shawanaua,Territories
asheninka,18072,Asheninka,Territories
ashaninka,18065,Ashaninka,Territories
yine,18050,Yine,Territories
puri,18035,Purí,Territories
diaguita,17995,Diaguita,Territories
shanenawa,17989,Shanenawa,Territories
pykopcateje,17987,Pykopcatejê,Territories
kricatije,17985,Krĩcatijê,Territories
awa-2,17983,Awá,Territories
canela-apanyekra,17981,Canela Apanyekrá,Territories
canela-ramkokamekra,17979,Canela Ramkokamekrá,Territories
krenye,17977,Krenyê,Territories
guajajara,17961,Guajajara,Territories
kaapor,17954,Ka'apor,Territories
parikwene,17952,Parikwene,Territories
kinja,17947,Kinja,Territories
marubo,17941,Marubo,Territories
kulina-pano,17939,Kulina Pano,Territories
madija,17932,Madija,Territories
matses-mayoruna,17925,Matsés (Mayoruna),Territories
matses-matis,17923,Matses (Matis),Territories
korubo,17921,Korubo,Territories
banawa,17919,Banawá,Territories
deni,17917,Deni,Territories
jarawara,17915,Jarawara,Territories
jamamadi,17913,Jamamadi,Territories
suruwaha,17910,Suruwaha,Territories
popukare,17908,Popũkare,Territories
purehno,17906,Purehno,Territories
pamoari,17904,Pamoari,Territories
kambeba-omagua,17901,Kambeba/Omagua,Territories
miranha,17894,Miranha,Territories
nadob,17892,Nadöb,Territories
yeba-masa,17888,Yeba-masã (Makuna),Territories
karapana-muteamasa,17885,Karapana/Muteamasa,Territories
hupdah,17883,Hupd'äh,Territories
utapinomakaphona,17879,Utapinõmakãphõná,Territories
yepa-masa,17871,"Ye""pâ-masa",Territories
waikhana,17869,Waíkhana,Territories
tariana,17864,Tariana,Territories
daw,17861,Dâw,Territories
hiaitsiihi,17853,Hiaitsiihi,Territories
arara-of-volta-grande,17851,Arara of Volta Grande,Territories
ukarangma,17849,Ukarãngmã,Territories
satare-mawe,17840,Sateré-Mawé,Territories
zoe,17838,Zo’é,Territories
hixkaryana,17836,Hixkaryana,Territories
tenetehara-tembe,17830,Tenetehara (Tembé),Territories
anambe,17828,Anambé,Territories
parkateje,17826,Parkatejê,Territories
kuruaya,17824,Kuruaya,Territories
awaete-asurini-of-the-xingu,17812,Awaeté (Asurini of the Xingu),Territories
awaete,17808,Awaeté,Territories
panara,17806,Panará,Territories
mebengokre-kayapo,17804,Mebêngôkre (Kayapó),Territories
akwe,17802,Akwê,Territories
mehin,17800,Mehin,Territories
apinaye,17793,Apinayé,Territories
karaja-do-norte,17791,Karajá do Norte,Territories
awa,17789,Ãwa,Territories
tekoha-nandeva,17786,Tekohá (Ñandeva - Avá Guaraní),Territories
ofaie,17783,Ofaié,Territories
tekoha-kaiowa,17781,Tekohá (Paĩ Tavytera/Kaiowá),Territories
terena,17779,Terena,Territories
kadiweu,17771,Kadiwéu,Territories
guato,17766,Guató,Territories
boe,17752,Boe,Territories
haliti,17750,Halíti,Territories
manoki,17748,Manoki,Territories
enawene-nawe,17739,Enawenê-nawê,Territories
trumai,17737,Trumai,Territories
kamaiura,17734,Kamaiurá,Territories
mehinako,17732,Mehinako,Territories
awytyza,17729,Awytyza,Territories
bide,17727,Bïde,Territories
wauja,17725,Waujá,Territories
kura,17723,Kurâ,Territories
auwe,17721,A'uwe,Territories
kalapalo,17718,Kalapalo,Territories
ipatse-ahukugi-lahatua-otomo,17714,Ipatse/Ahukugi/Lahatuá ótomo,Territories
kisedje,17712,Kisêdjê,Territories
ikpeng,17708,Ikpeng,Territories
yudja,17705,Yudjá,Territories
apyawa,17703,Apyãwa,Territories
kaxarari,17701,Kaxarari,Territories
nambikwara,17699,Nambikwara,Territories
kwaza,17697,Kwazá,Territories
aikana,17695,Aikanã,Territories
itarap,17693,I'târap,Territories
matetamae-cinta-larga,17691,Matetamãe/Cinta Larga,Territories
surui-paiter,17689,Surui Paiter,Territories
zoro-pangyjej,17687,Zoró/Pangyjej,Territories
ikolen,17683,Ikolen,Territories
sakurabiat,17681,Sakurabiat,Territories
arikapu,17678,Arikapú,Territories
wajuru,17675,Wajuru,Territories
arua,17673,Aruá,Territories
djeoromitxi,17671,Djeoromitxí,Territories
yjxa,17669,Yjxa,Territories
wari,17667,Wari’,Territories
oro-win-oro-towati,17664,Oro Win/Oro Towati’,Territories
makurap,17659,Makurap,Territories
tupari,17657,Tupari,Territories
pankara,17654,Pankará,Territories
atikum-uma,17647,Atikum-Umã,Territories
purubora,17645,Puruborá,Territories
envuga-kawahib,17643,Envuga (Kawahib),Territories
ahe-kawahib,17639,Ahé (Kawahib),Territories
juma-kawahib,17637,Juma (Kawahib),Territories
jupau-kawahib,17629,Jupaú (Kawahib),Territories
kagwahiva-jiahui,17627,Kawahib (Jiahui),Territories
kagwahiva-tenharim,17625,Kawahib (Tenharim),Territories
kagwahiva-parintintin,17618,Kawahib (Parintintin),Territories
apiaka,17602,Apiaká,Territories
rikbaktsa,17595,Rikbaktsá,Territories
kaiabi,17586,Kaiabi,Territories
mundurukania-wuy-jugu,17584,Mundurukânia (Wuy jugu),Territories
gitanyow-laxyip,17477,Gitanyow Lax’yip,Territories
isle-de-jean-charles-biloxi-chitimacha-choctaw,17388,Isle de Jean Charles Biloxi-Chitimacha-Choctaw,Territories
tigua,17375,Tigua (Tiwa),Territories
w%cc%b1jo%c6%9ae%c6%9ap-tsartlip,17338,W̱JOȽEȽP (Tsartlip),Territories
malexe%c6%9a-malahat,17333,MÁLEXEȽ (Malahat),Territories
bo%e1%b8%b1ecen-pauquachin,17328,BOḰEĆEN (Pauquachin),Territories
w%cc%b1sl%e1%b8%b5em-tseycum,17326,W̱SĺḴEM (Tseycum),Territories
taos-pueblo,17315,Taos Pueblo,Territories
popti,17244,Popti',Territories
abitibiwinni-aki,17218,Abitibiwinni Aki,Territories
cascades,17136,Cascades,Territories
multnomah,17127,Multnomah,Territories
skilloot,17125,Skilloot,Territories
confederated-tribes-of-grand-ronde,17122,Confederated Tribes of Grand Ronde,Territories
copuces,17110,Copuces,Territories
atakapa-ishak-chawasha,17102,Atakapa Ishak Chawasha,Territories
ryukyu,17028,Ryūkyū,Territories
ainu,17012,Ainumoshir (Ainu),Territories
queets,16948,Queets,Territories
konnaack,16898,Konnaack,Territories
pit-river,16890,Pit River,Territories
muwekma,16863,Muwekma,Territories
poquonook,16782,Poquonook,Territories
denendeh,16500,Dënéndeh,Territories
quandamooka,16348,Quandamooka,Territories
siginygmit-sireniki-yupik,16341,Siginygmit (Sireniki) Yupik,Territories
ungazigmit-chaplino-yupik,16337,Ungazigmit (Chaplino) Yupik,Territories
nyvukagmit-naukan,16330,Nyvukagmit (Naukan) Yupik,Territories
ngati-te-ata,16310,Ngāti Te Ata,Territories
esketemculeucw-esketemc,16292,Esketemculeucw (Esk'etemc),Territories
nadleh-whuten,16286,Nadleh Whut'en,Territories
stellaten,16281,Stellat'en,Territories
%c6%9ba%ca%94uuk%ca%b7i%ca%94ath%cc%a3-tla-o-qui-aht,16173,ƛaʔuukʷiʔatḥ (Tla-o-qui-aht),Territories
pocomoke,16157,Pocomoke,Territories
wulgurukaba,16134,Wulgurukaba,Territories
wanapum,16124,Wanapum,Territories
takla,16114,Takla,Territories
rapa-nui,16096,Rapa Nui,Territories
yugambeh,16078,Yugambeh,Territories
pilagalek,16027,Pilagal'ek,Territories
wichi,16022,Weenhayek/Wichí,Territories
qom,16001,Qom,Territories
nicoleno,15971,Nicoleño,Territories
puruwa,15957,Puruwá,Territories
saraguro,15945,Saraguro,Territories
kanari,15927,Kañari,Territories
paltas,15911,Paltas,Territories
inkerilainen,15906,Inkeriläinen,Territories
vaddalaizod,15898,Vad’d’alaizõd,Territories
maavaki-izhorian,15892,Maaväki (Izhorian),Territories
solkup,15884,Söl'kup,Territories
khanty-kantyk,15873,Khanty/Kantyk,Territories
maansi,15865,Maańśi,Territories
komi-voitor,15859,komi voitõr,Territories
coquille,15797,Coquille,Territories
mopan,15771,Mopan,Territories
stillaguamish,15755,Stillaguamish,Territories
vepslaine-vepsalne-veps,15709,Vepslaine/Vepsalne (Veps),Territories
karjalaiset-karelian,15698,Karjalaiset (Karelian),Territories
neney-nenets-nenets,15695,N’eney N’enet’s’ (Nenets),Territories
cholulteca,15673,Cholulteca,Territories
tawakoni,15663,Tawakoni,Territories
waco,15658,Waco,Territories
kizh-gabrieleno,15628,Kizh (Gabrieleno),Territories
kasho-gotine,15576,K’asho Got’ine,Territories
shita-gotine,15574,Shita Got’ine,Territories
kaal%c7%ab-gotine,15571,K’áálǫ Got’ine,Territories
sahtu-gotine,15568,Sahtú Got’ine,Territories
munsee-lenape,15531,Munsee Lenape,Territories
skykomish,15522,Skykomish,Territories
mississauga,15514,Mississauga,Territories
mississaugas-of-the-credit-first-nation,15509,Mississaugas of the Credit First Nation,Territories
we-wai-kum,15486,We Wai Kum,Territories
we-wai-kai,15481,We Wai Kai,Territories
pawtucket,15452,Pawtucket,Territories
kubewa-cubeo,15429,Kubéwa/Cubeo,Territories
wanano-kotiria,15427,Wanano/Kotiria,Territories
umukomasa-desana,15425,Umukomasã/Desana,Territories
juhup-yuju-yuhupdeh,15423,Juhup-Yuju/Yuhupdëh,Territories
pisamira,15419,Pisamira,Territories
yuruti,15413,Yurutí,Territories
siria-masa-siriano,15408,Siria-masã (Siriano),Territories
dokapuara-tuyuca,15404,Dokapuara (Tuyuca),Territories
umurecoomaja-tatuyo,15386,Umurecoómajá (Tatuyo),Territories
eduria-taiwano,15384,Eduria (Taiwano),Territories
waipinomaka-bara,15381,Waípinõmakã (Bará),Territories
barasano-panenoa,15376,Barasano/Panenoá,Territories
siekopaaiinte-aido-pai-secoya,15364,Siekopa’aiInte/Aido-Pãi (Secoya),Territories
ziobain-siona,15355,Ga’ntëya bain/ZioBain (Siona),Territories
tanigua,15342,Tinigua,Territories
maijuna,15334,Maijuna,Territories
kore%ce%b2ah%cf%8e-korebaju-koreguaje,15324,kòréβahώ (korebaju/Koreguaje),Territories
feenem%c9%a8naa,15320,Féénemɨnaa,Territories
nonuya,15314,Nonuya,Territories
cabiyari-kawiyari,15311,Cabiyari/Kawiyarí,Territories
inikana-kukama-kukamiria-kokama,15302,Inikana/Kukama Kukamiria/Kokama,Territories
kamejeya-yukuna,15299,Kamejeya (Yukuna),Territories
tanimuka,15285,Tanimuka,Territories
nukak-maku,15269,Nükak Makü,Territories
karijona,15264,Karijona,Territories
p%ca%8c%ca%8csi%ca%8ch%ca%8c-andoque-paasiaja,15259,pʌʌsíʌhʌ (Andoque/Paasiaja),Territories
yuri,15257,Yurí,Territories
maguta-ticuna,15254,Magüta/Ticuna,Territories
yihamwo-yagua,15251,Yihamwo (Yagua),Territories
dyoxaiya-o-ivotsa-okaina,15245,Dyo'xaiya-o-Ivo'tsa (Okaina),Territories
bora,15242,Bora,Territories
muina-murui,15237,Muina Murui / Murui-Muinanɨ,Territories
kamentsa,15218,Kamëntsá,Territories
inga,15216,Inga,Territories
quillacinga,15211,Quillacinga,Territories
pasto,15204,Pasto,Territories
embera-3,15199,Emberá,Territories
epera,15163,Épera,Territories
eperara-siapidara,15161,Eperara Siapidara,Territories
embera-dobida,15158,Emberá Dobidá,Territories
embera-chami,15156,Emberá Chamí,Territories
embera-katio-eyabida,15139,Emberá Katío/Eyabida,Territories
inkal-awa,15134,Inkal Awá,Territories
guanaca,15132,Guanaca,Territories
tontotuna-totoro,15126,Tontotuna (Totoró),Territories
nasa,15118,Nasa,Territories
tama-dujo,15116,Tama Dujo,Territories
pijao,15114,Pijao,Territories
muisca,15108,Muisca,Territories
betoy,15105,Betoy,Territories
guane,15089,Guane,Territories
wounaan,15071,Wounaan,Territories
misak,15068,Misak,Territories
wiwa,15060,Wiwa,Territories
ijku-arhuaco,15055,Ijku (Arhuaco),Territories
kogui-kaggabba,15053,Kogui/Kaggabba,Territories
kankuamo,15048,Kankuamo,Territories
mokana,15046,Mokaná,Territories
zenu,15041,Zenú,Territories
tsase-piapoco,15039,Tsase/Piapoco,Territories
walimanai-baniwa,15036,Walimanai (Baniwa),Territories
hoti,15033,Hoti,Territories
warekena,15023,Warekena,Territories
bare,15018,Baré,Territories
soto-yekuana,15016,So'to (Yekuana),Territories
uwottuja,15010,Huottųją (Piaroa),Territories
anuu,14993,Añuu,Territories
bari,14972,Barí,Territories
yukpa,14969,Yukpa,Territories
manekenk-haush,14964,Mánekenk/Haush,Territories
aparai,14959,Aparai,Territories
wayana,14952,Wayana,Territories
kalina-karina,14946,Kalina/Kariña,Territories
macuxi,14939,Macuxi,Territories
akawaio-akawayo,14937,Akawaio/Akawayo,Territories
patamona-ingariko,14935,Patamona/Ingarikó,Territories
yanam-ninam,14932,Yanam (Ninam),Territories
trio,14911,Trio/Wü tarëno,Territories
wapishana-wapixana,14905,Wapishana/Wapixana,Territories
waiwai,14900,Waiwai,Territories
lokono-arawak,14879,Lokono (Arawak),Territories
kayukth-chektles7eth,14851,Ka:’yu:’k’t’h’/Che:k’tles7et’h’,Territories
toquaht,14845,Toquaht,Territories
uchucklesaht,14840,Uchucklesaht,Territories
ucluelet,14827,Yuułuʔiłʔatḥ,Territories
sapmi-sami,14822,Sápmi (Sámi),Territories
tjer-di-teribe-broram,14745,Tjer-di/Teribe Broram,Territories
brunka,14733,Brunka,Territories
malecu,14722,Malécu,Territories
bostos,14720,Botos,Territories
huetar,14712,Huetar,Territories
kriol,14710,Kriol,Territories
rama,14705,Rama,Territories
matagalpa-cacaopera,14702,Matagalpa/Cacaopera,Territories
ulwas,14694,Ulwas,Territories
mayangna,14689,Mayangna,Territories
nicarao-nahoa,14686,Nicarao/Nahoa,Territories
sutiaba,14683,Subtiaba,Territories
chorotega,14673,Chorotega,Territories
tawahka,14663,Tawahka,Territories
garifuna,14652,Garínagu,Territories
pech,14647,Pech,Territories
tolupan,14641,Tolupan,Territories
achi,14620,Achí,Territories
qanjobal,14601,Q'anjob'al,Territories
xixime-2,14375,Xixime,Territories
kashtik,14297,Kashtik,Territories
hul-kuhku,14294,Hul Kuhk’u,Territories
willapa,14241,Willapa,Territories
wahkiakum,14239,Wahkiakum,Territories
kathlamet,14234,Kathlamet,Territories
squaxin,14183,Squaxin,Territories
kuyam,14138,Kuyam,Territories
anyapax,14124,'Anyapax,Territories
limuw,14122,Limuw,Territories
wima,14120,Wi'ma,Territories
tuqan,14118,Tuqan,Territories
natchitoches,14046,Natchitoches,Territories
kiikaapoi-kickapoo,14038,Kiikaapoi (Kickapoo),Territories
alazapas,13971,Alazapas,Territories
rayados-borrados,13969,Rayados (Borrados),Territories
chiso,13966,Chiso,Territories
shigom,13854,Shigom,Territories
clatsop,13761,Clatsop-Nehalem Confederated Tribes,Territories
hopewell,13675,Hopewell Culture,Territories
adena,13673,Adena Culture,Territories
chango,13582,Chango,Territories
chono,13580,Chono,Territories
selknam,13578,Selk'nam,Territories
kawashkar,13573,Kawashkar,Territories
yagan,13568,Yagán,Territories
muckleshoot,13532,Muckleshoot,Territories
yamassee,13508,Yamasee,Territories
westo,13503,Westo,Territories
kusso,13500,Kusso,Territories
sewee,13497,Sewee,Territories
chicora,13495,Chicora,Territories
winyah,13492,Winyah,Territories
santee-2,13490,Santee,Territories
congaree,13488,Congaree,Territories
saluda,13486,Saluda,Territories
meskwahki%c2%b7asa%c2%b7hina-fox,13482,Meškwahki·aša·hina (Fox),Territories
o%ce%b8aakiiwaki%e2%80%a7hina%e2%80%a7ki-sauk,13480,oθaakiiwaki‧hina‧ki (Sauk),Territories
winefelly,13477,Winefelly,Territories
mohawk-4,13474,Kalapuya (Mohawk),Territories
chafan,13472,Chafan,Territories
tsankupi,13470,Tsankupi,Territories
santiam,13467,Santiam,Territories
ahantchuyuk,13464,Ahantchuyuk,Territories
yamhill,13462,Yamhill,Territories
luckiamute,13457,Luckiamute,Territories
chepenefa,13455,Chepenefa,Territories
chemapho,13453,Chemapho,Territories
long-tom,13450,Chelamela,Territories
yoncalla,13448,Yoncalla,Territories
eno,13433,Eno,Territories
shakori,13431,Shakori,Territories
keyauwee,13429,Keyauwee,Territories
sissipahaw,13426,Sissipahaw,Territories
waxhaw,13419,Waxhaw,Territories
sugaree,13416,Sugaree,Territories
wateree,13413,Wateree,Territories
cape-fear,13409,Cape Fear,Territories
waccamaw-woccon,13406,Waccamaw (Woccon),Territories
coree,13404,Coree,Territories
neusiok-2,13401,Neusiok,Territories
pamlico-pomouik,13399,Pamlico (Pomouik),Territories
moratok,13397,Moratok,Territories
secotan,13392,Secotan,Territories
mattamuskeet,13390,Mattamuskeet,Territories
hatteras,13386,Hatteras,Territories
croatan,13384,Croatan,Territories
poteskeet,13381,Poteskeet,Territories
pasquotank,13379,Pasquotank,Territories
perquimans,13376,Perquimans,Territories
yeopim,13371,Yeopim,Territories
massawomeck,13360,Massawomeck,Territories
calicuas,13358,Calicuas,Territories
yesan,13355,Yesan (Tutelo),Territories
saponi,13353,Saponi,Territories
occaneechi,13349,Occaneechi,Territories
manahoac,13344,Manahoac,Territories
occohannock,13342,Occohannock,Territories
accomack,13340,Accomack,Territories
sekakawon,13338,Sekakawon,Territories
onawmanient,13336,Onawmanient,Territories
opiscopank,13334,Opiscopank,Territories
piankatank,13332,Piankatank,Territories
werowocomoco,13330,Werowocomoco,Territories
paspahegh,13328,Paspahegh,Territories
warraskoyack,13326,Warraskoyack,Territories
quiyoughcohannock,13324,Quiyoughcohannock,Territories
weyanock,13322,Weyanock,Territories
appamattuck,13320,Appamattuck,Territories
arrohatec,13316,Arrohateck,Territories
powhatan-2,13314,Powhatan,Territories
youghtanund,13311,Youghtanund,Territories
nandtaughtacund,13309,Nandtaughtacund,Territories
pissaseck,13307,Pissaseck,Territories
eastern-mono-monache,13296,Eastern Mono/Monache,Territories
miccosukee,13292,Miccosukee,Territories
sicangu,13286,Sicangu,Territories
oohenumpa,13284,Oohenumpa,Territories
mnicoujou,13282,Mnicoujou,Territories
itazipco,13278,Itazipco,Territories
hunkpapa,13275,Hunkpapa,Territories
yankton-2,13273,Yankton,Territories
yanktonai-2,13270,Yanktonai,Territories
wahpeton,13266,Wahpeton,Territories
wahpekute,13263,Wahpekute,Territories
mdewakanton,13261,Bdewakantuwan (Mdewakanton),Territories
sisseton,13258,Sisseton,Territories
wyandot-anderdon,13253,Wyandot (Anderdon),Territories
lheidli-tenneh,13130,Lheidli T'enneh,Territories
tulalip,13126,Tulalip,Territories
macorix,13100,Macorix,Territories
moraughtacund,13096,Moraughtacund,Territories
wicocomico,13093,Wicocomico,Territories
cuttatawomen,13090,Cuttatawomen,Territories
patawomeck,13088,Patawomeck,Territories
kiskiack,13086,Kiskiack,Territories
kecoughtan,13083,Kecoughtan,Territories
rappahannock,13081,Rappahannock,Territories
nansemond-2,13079,Nansemond,Territories
chesapeake-2,13077,Chesapeake,Territories
confederated-tribes-of-warm-springs,13043,Confederated Tribes of Warm Springs,Territories
chuj,13034,Ket Chonhab’ Kob’a (Chuj),Territories
bribri,13031,Bribri,Territories
nacotchtank-anacostan,13019,Nacotchtank (Anacostan),Territories
guacata,13009,Guacata,Territories
matecumbe,13003,Matecumbe,Territories
mayaimi,13001,Mayaimi,Territories
ais-2,12993,Ais,Territories
wappinger-2,12978,Wappinger,Territories
mattaponi,12947,Mattaponi,Territories
musgamagw-dzawadaenuxw,12930,Musgamagw Dzawada'enuxw,Territories
tommeginne,12924,Tommeginne,Territories
lairmairrener,12922,Lairmairrener,Territories
tyerrernotepanner,12920,Tyerrernotepanner,Territories
pyemmairrener,12918,Pyemmairrener,Territories
paredarerme,12914,Paredarerme,Territories
nuenonne,12912,Nuenonne,Territories
toogee,12910,Toogee,Territories
peerapper,12908,Peerapper,Territories
pipil,12886,Nahua,Territories
mohegan-2,12867,Mohegan,Territories
aucocisco,12856,Aucocisco,Territories
wenrohronon,12853,Wenrohronon,Territories
coharie,12845,Coharie,Territories
seminole-tribe-of-florida-immokalee-reservation,12831,Seminole Tribe of Florida (Immokalee Reservation),Territories
seminole-tribe-of-florida-big-cypress-reservation,12829,Seminole Tribe of Florida (Big Cypress Reservation),Territories
seminole-tribe-of-florida-tampa-reservation,12827,Seminole Tribe of Florida (Tampa Reservation),Territories
seminole-tribe-of-florida-brighton-reservation,12824,Seminole Tribe of Florida (Brighton Reservation),Territories
seminole-tribe-of-florida-hollywood-reservation,12820,Seminole Tribe of Florida (Hollywood Reservation),Territories
attiwonderonk-neutral,12817,Attiwonderonk (Neutral),Territories
petun,12813,Petun,Territories
opelousas,12809,Opelousas,Territories
yamayeka-yamaye,12774,Yamayeka (Yamaye),Territories
yakina,12769,Yakina,Territories
siletz-2,12767,Siletz,Territories
salmon-river,12764,Salmon River,Territories
nestucca,12762,Nestucca,Territories
tillamook-2,12760,Tillamook,Territories
nehalem,12758,Nehalem,Territories
lower-chinook-2,12752,Lower Chinook,Territories
nisqually-2,12749,Nisqually,Territories
quuiich-lower-umpqua,12747,Quuiich (Lower Umpqua),Territories
hanis-coos,12739,Hanis Coos,Territories
miluk-coos,12736,Miluk Coos,Territories
chit-dee-ni-chetco,12733,Chit-dee-ni (Chetco),Territories
tututni,12730,Tututni,Territories
san-carlos-apache,12710,San Carlos Apache,Territories
white-mountain-apache,12708,White Mountain Apache,Territories
yavapaiv-apache,12701,Yavapai Apache,Territories
jicarilla-apache,12698,Jicarilla Apache,Territories
huu-ay-aht,12684,Huu-ay-aht,Territories
hnahnu-otomi,12678,Hñähñu (Otomí),Territories
hohokam,12675,Hohokam,Territories
jeaga,12652,Jeaga,Territories
akokisa,12644,Akokisa,Territories
raukawa,12530,Raukawa,Territories
ngati-tamatera,12529,Ngāti Tamaterā,Territories
te-patukirikiri,12528,Te Patukirikiri,Territories
rangitane-o-wairau,12527,Rangitāne O Wairau,Territories
ngati-toa-rangatira,12526,Ngāti Toa Rangatira,Territories
ngati-tamaoho,12525,Ngāti Tamaoho,Territories
te-korowai-o-wainuiarua-central-whanganui,12524,Te Korowai o Wainuiārua (Central Whanganui),Territories
ngati-whanaunga,12523,Ngāti Whanaunga,Territories
pouakani,12522,Pouākani,Territories
rangitane,12521,Rangitāne,Territories
ngati-whatua-o-kaipara,12520,Ngāti Whātua o Kaipara,Territories
ngati-tarawhai,12519,Ngāti Tarāwhai,Territories
ngai-tai-ki-tamaki,12518,Ngāi Tai ki Tāmaki,Territories
te-kawerau-a-maki,12517,Te Kawerau a Maki,Territories
ngatiwai,12516,Ngātiwai,Territories
ngati-whatua,12515,Ngāti Whātua,Territories
ngati-tuwharetoa-bay-of-plenty,12514,Ngāti Tūwharetoa (Bay of Plenty),Territories
ngati-tama-ki-te-tau-ihu,12513,Ngāti Tama ki Te Tau Ihu,Territories
ngati-kahungunu-ki-wairarapa-tamaki-nui-a-rua,12512,Ngāti Kahungunu ki Wairarapa - Tāmaki Nui ā Rua,Territories
ngai-tahu,12511,Ngāi Tahu,Territories
ngati-maru-hauraki,12510,Ngāti Maru (Hauraki),Territories
ngati-tara-tokanui,12509,Ngāti Tara Tokanui,Territories
ngati-whare,12508,Ngāti Whare,Territories
ngati-kahungunu-ki-heretaunga-tamatea,12507,Ngāti Kahungunu ki Heretaunga Tamatea,Territories
ngati-whatua-o-orakei,12506,Ngāti Whātua o Ōrākei,Territories
ngati-tuwharetoa,12505,Ngāti Tūwharetoa,Territories
ngati-manuhiri,12504,Ngāti Manuhiri,Territories
ngati-kahungunu,12503,Ngāti Kahungunu,Territories
ngati-manawa,12502,Ngāti Manawa,Territories
te-aupouri,12501,Te Aupōuri,Territories
te-atiawa-o-te-waka-a-maui,12500,Te Atiawa o Te Waka-a-Māui,Territories
te-atiawa-ki-whakarongotai,12499,Te Atiawa ki Whakarongotai,Territories
ngati-pikiao,12498,Ngāti Pikiao,Territories
ngati-paoa,12497,Ngāti Paoa,Territories
ngati-pahauwera,12496,Ngāti Pāhauwera,Territories
ngati-raukawa-ki-te-tonga,12495,Ngāti Raukawa ki te Tonga,Territories
ngati-rarua,12494,Ngāti Rārua,Territories
ngati-rangiwewehi,12493,Ngāti Rangiwewehi,Territories
ngati-awa,12492,Ngāti Awa,Territories
ngati-apa-ki-te-ra-to,12491,Ngāti Apa ki te Rā Tō,Territories
ngati-apa,12490,Ngāti Apa,Territories
waikato,12489,Waikato,Territories
te-whanau-a-apanui,12488,Te Whānau a Apanui,Territories
tuhourangi,12487,Tūhourangi,Territories
te-wairoa-iwi-and-hapu,12486,Te Wairoa Iwi and Hapū,Territories
tuhoe-2,12485,Tūhoe,Territories
te-uri-o-hau,12484,Te Uri o Hau,Territories
whanganui-iwi-te-atihaunui-a-paparangi,12483,Whanganui Iwi / Te Atihaunui a Pāpārangi,Territories
whakatohea,12482,Whakatōhea,Territories
waitaha,12481,Waitaha,Territories
te-ure-o-uenukukopako-ngati-whakaue,12480,Te Ure o Uenukukōpako / Ngāti Whakaue,Territories
te-atiawa-wellington,12479,Te Atiawa (Wellington),Territories
te-roroa,12478,Te Roroa,Territories
te-atiawa-taranaki,12477,Te Atiawa (Taranaki),Territories
te-rarawa,12476,Te Rarawa,Territories
te-akitai-waiohua,12475,Te Ākitai Waiohua,Territories
te-aitanga-a-mahaki,12474,Te Aitanga ā Māhaki,Territories
taranaki-whanui-ki-te-upoko-o-te-ika,12473,Taranaki Whānui ki Te Upoko o Te Ika,Territories
taranaki,12472,Taranaki,Territories
ngati-rangi,12471,Ngāti Rangi,Territories
ngati-pukenga,12470,Ngāti Pūkenga,Territories
ngati-rahiri-tumutumu,12469,Ngāti Rāhiri Tumutumu,Territories
ngati-haua-upper-whanganui,12468,Ngāti Hāua (Upper Whanganui),Territories
ngati-porou-ki-harataunga-ki-mataora,12467,Ngāti Porou ki Harataunga ki Mataora,Territories
ngati-haua,12466,Ngāti Hauā,Territories
ngati-pukenga-ki-waiau,12465,Ngāti Pūkenga ki Waiau,Territories
ngati-porou,12464,Ngāti Porou,Territories
ngati-hako,12463,Ngāti Hako,Territories
ngati-kahu-ki-whangaroa,12461,Ngāti Kahu ki Whangaroa,Territories
ngati-mutunga,12460,Ngāti Mutunga,Territories
ngati-kahu,12459,Ngāti Kahu,Territories
ngati-maru-taranaki,12458,Ngāti Maru (Taranaki),Territories
ngati-hineuru,12457,Ngāti Hineuru,Territories
ngati-makino,12456,Ngāti Mākino,Territories
ngati-kuri,12455,Ngāti Kuri,Territories
ngati-kuia,12454,Ngāti Kuia,Territories
ngati-hinerangi,12453,Ngāti Hinerangi,Territories
ngati-hei,12452,Ngāti Hei,Territories
ngati-hauiti,12451,Ngāti Hauiti,Territories
ngaruahine,12450,Ngāruahine,Territories
ngapuhi-ngati-kahu-ki-whaingaroa,12449,Ngāpuhi / Ngāti Kahu ki Whaingaroa,Territories
ngapuhi,12448,Ngāpuhi,Territories
whanganui-land-settlement-lower-whanganui,12447,Whanganui Land Settlement (Lower Whanganui),Territories
tapuika,12446,Tapuika,Territories
rongowhakaata,12445,Rongowhakaata,Territories
rereahu,12444,Rereahu,Territories
ngati-tama,12443,Ngāti Tama,Territories
ngati-tahu-ngati-whaoa,12442,Ngāti Tahu / Ngāti Whaoa,Territories
ngati-ruapani-mai-waikaremoana,12441,Ngāti Ruapani mai Waikaremoana,Territories
ngati-koroki-kahukura,12440,Ngāti Korokī Kahukura,Territories
ngati-koata,12439,Ngāti Kōata,Territories
ngati-kea-ngati-tuara,12438,Ngāti Kea / Ngāti Tuarā,Territories
ngati-ruanui,12437,Ngāti Ruanui,Territories
ngati-rongomai,12436,Ngāti Rongomai,Territories
ngati-rehua,12435,Ngāti Rehua,Territories
ngati-rangitihi,12434,Ngāti Rangitihi,Territories
ngati-rangiteaorere,12433,Ngāti Rangiteaorere,Territories
ngati-ranginui,12432,Ngāti Ranginui,Territories
nga-rauru-kitahi,12431,Ngā Rauru Kītahi,Territories
ngaitai-bay-of-plenty,12430,Ngāitai (Bay Of Plenty),Territories
muaupoko,12429,Muaūpoko,Territories
maungaharuru-tangitu-hapu,12428,Maungaharuru Tangitū Hapū,Territories
ngai-te-rangi,12427,Ngāi Te Rangi,Territories
moriori-2,12426,Moriori,Territories
maniapoto,12425,Maniapoto,Territories
ngai-tamanuhiri,12424,Ngāi Tāmanuhiri,Territories
ahuriri-hapu,12423,Ahuriri Hapū,Territories
clackamas,12388,Clackamas,Territories
chickahominy,12369,Chickahominy,Territories
chimacum,12365,Chimacum,Territories
eastern-nehantick,12361,Eastern Nehântick,Territories
western-nehantick,12359,Western Nehântick,Territories
stzuminus,12329,Stz'uminus,Territories
kitasoo-xaixais,12319,Kitasoo/Xai'xais,Territories
tequesta,12310,Tequesta,Territories
upper-tanana-2,12245,Upper Tanana,Territories
gwichin,12238,Gwich'in Nành,Territories
pentucket,12192,Pentucket,Territories
swinomish,12166,Swinomish,Territories
shoalwater-bay,12112,Shoalwater Bay,Territories
puyallup,12108,Puyallup,Territories
colville,12104,sx̌ʷyʔiɬp (Colville),Territories
nespelem,12100,nspiləm (Nespelem),Territories
san-poil,12098,sńpʕawílx (Sanpoil),Territories
moses-columbia,12096,škwáxčənəxʷ (Moses-Columbia),Territories
methow,12094,sp̓aƛ̓mul̓əxʷəxʷ (Methow),Territories
chelan,12088,ščəl'ámxəxʷ (Chelan),Territories
entiat,12085,šntiyátkʷəxʷ (Entiat),Territories
penobscot-2,12061,Penobscot,Territories
nanrantsouak,12059,Nanrantsouak,Territories
pequawket,12054,Pequawket,Territories
pennacook-2,12047,Pennacook,Territories
samish,12034,Samish,Territories
boriken-taino,12018,Borikén Taíno,Territories
nuwhaha,12012,Nuwhaha,Territories
nuxwsa7aq-nooksack,12004,Nuxwsa'7aq (Nooksack),Territories
estokgna,11984,Esto’k Gna (Carrizo/Comecrudo),Territories
sivuqaq-st-lawrence-island-yupik,11959,Sivuqaq (St. Lawrence Island) Yupik,Territories
sduk%ca%b7albix%ca%b7-snoqualmie,11893,sdukʷalbixʷ (Snoqualmie),Territories
atfalati,11887,Atfalati,Territories
chitimacha-2,11825,Chitimacha,Territories
palawa,11818,Palawa,Territories
kaskaskia,11625,Kaskaskia,Territories
houma-2,11571,Houma,Territories
tuscarora-3,11567,Tuscarora,Territories
moriori,11553,Moriori,Territories
onondowaga-seneca,11538,Onöndowa'ga:' (Seneca),Territories
bidai,11471,Bidai,Territories
atakapa-2,11467,Atakapa-Ishak,Territories
tonkawa-2,11462,Tonkawa,Territories
sanan,11457,Sana,Territories
lipan-apache,11437,Ndé Kónitsąąíí Gokíyaa (Lipan Apache),Territories
hoopa-3,11361,Hupa,Territories
carcross-tagish-first-nation-bc,11355,Carcross/Tagish First Nation (BC),Territories
teslin-tlingit-council,11348,Teslin Tlingit Council (BC),Territories
mapuche-tehuelche,11340,Aónikenk (Tehuelche),Territories
mapuche,11334,Wallmapu (Mapuche),Territories
wiyapemiak-weapemeoc-yeopim,11320,WiYaPeMiAk (Weapemeoc-Yeopim),Territories
karankawa-2,11289,Karankawa,Territories
nwt-metis-nation,11278,NWT Métis Nation,Territories
guna-of-wargandi,11249,Guna of Wargandí,Territories
guna-of-madugandi,11245,Guna of Madugandí,Territories
guna-tule,11238,Guna Yala,Territories
turrbal,11170,Turrbal,Territories
brothertown,11143,Brothertown,Territories
gunggandji,11139,Gunggandji,Territories
tseshaht,11120,Tseshaht,Territories
tuhoe,10944,Tūhoe,Territories
yahooskin,7850,Yahooskin,Territories
amorua,7845,Amorúa,Territories
ambalo,7841,Ambaló,Territories
achagua,7837,Achagua,Territories
arawac,7694,Arawak,Territories
sikuani-guajibo,7555,Guahibo/Hiwi,Territories
pume,7553,Yaruro/Pumé,Territories
enepa,7551,E'ñepá,Territories
warao,7549,Warao,Territories
pascua-yaqui,7537,Pascua Yaqui,Territories
ballardong,7530,Ballardong,Territories
chamorro,7517,Chamorro/Chamoru,Territories
puinave,7514,Wãnsϋjϋt (Puinave),Territories
pemon,7512,Pemón,Territories
taku-river-tlingit,7499,Taku River Tlingit,Territories
cofan,7440,A'i Cofán/Kofán,Territories
yanomami,7437,Yanomami,Territories
snohomish,7434,Snohomish,Territories
kurripako,7411,Wakuenai/Walimanai (Kuripako),Territories
waorani,7346,Waorani,Territories
andoa,7320,Andoa,Territories
shiwiar,7314,Shiwiar,Territories
zapara,7308,Sapara,Territories
matawai,7267,Matawai,Territories
achuar,7265,Achuar,Territories
shuar,7263,Shuar-Wampis,Territories
ykdfn-chief-drygeese-territories-1900-1920-treaty-8,5571,"YKDFN: Chief Drygeese Territories (1900 & 1920, Treaty 8)",Treaties
acho-dene-koe,5362,Denendeh (Acho Dene Koe),Territories
banggarla,5361,Banggarla,Territories
poqomchi,5360,Poqomchi',Territories
zuni,5359,Shiwinna (Zuni),Territories
madi-madi,5358,Madi Madi,Territories
rembarnga,5357,Rembarnga,Territories
wardandi,5356,Wardandi,Territories
yuggera,5355,Yuggera,Territories
gitgaat,5354,Gitga’at Lax Yuup,Territories
chatino,5353,Kitsé Cha’tnio (Chatino),Territories
bakanh,5352,Bakanh,Territories
haudenosauneega-confederacy,5351,Ho-de-no-sau-nee-ga (Haudenosaunee),Territories
stlatlimc,5350,St̓át̓imc Tmicw (St'at'imc),Territories
kalaalisut,5349,Kalaallit,Territories
skwxwu7mesh-uxwumixw,5348,Skwxwú7mesh-ulh Temíx̱w (Squamish),Territories
yarluyandi,5347,Yarluyandi,Territories
wadi-wadi,5346,Wadi Wadi,Territories
mayi-kulan,5345,Mayi-Kulan,Territories
barbareno,5344,Shmuwich (Barbareño),Territories
karangura,5342,Karangura,Territories
cuitlatec,5341,Cuitlatec,Territories
kurnai,5340,Kurnai (Gunai),Territories
mansos,5339,Tampachoa (Mansos),Territories
ngunawal,5338,Ngunawal,Territories
pirlatapa,5337,Pirlatapa,Territories
kwakwakawakw,5336,Kwakwaka'wakw A̱wi'nagwis,Territories
wangkangurru,5335,Wangkangurru,Territories
tojolabal,5334,Tojolwinik’otik (Tojolabal),Territories
nyawaygi,5333,Nyawaygi,Territories
giya,5332,Giya,Territories
guwinmal,5330,Guwinmal,Territories
luiseno,5329,Payómkawichum (Luiseño),Territories
okanagan,5328,Syilx (Okanagan),Territories
island-chumash,5327,Michumash,Territories
yalarrnga,5326,Yalarrnga,Territories
matlatzinco-tlahuica-ocuiltec,5325,Matlatzinco/Tlahuica/Ocuiltec,Territories
caddo,5324,Caddo,Territories
wichita-caddo-delaware-oklahoma,5323,Wichita-Caddo-Delaware (Oklahoma),Territories
tsnungwe-2,5322,Tsnungwe,Territories
luthigh,5321,Luthigh,Territories
tlingit,5320,Lingít Aaní (Tlingit),Territories
heiltsuk,5319,híɫzaqv w̓áwís (Heiltsuk),Territories
awngthim,5318,Awngthim,Territories
wirangu,5317,Wirangu,Territories
esselen,5316,Esselen,Territories
dharawala,5314,Dharawala,Territories
tapachulteco-mixe-zoque,5313,Tapachulteco (mixe-zoque),Territories
warlpiri,5312,Warlpiri,Territories
tocobaga,5311,Tocobaga,Territories
yangga,5310,Yangga,Territories
djabuganjdji,5309,Djabuganjdji,Territories
chimariko,5308,Chimariko (territory),Territories
wailwan,5307,Wailwan,Territories
temexw-treaty-association,5306,Te'mexw Treaty Association,Territories
wayuu,5305,Wayúu,Territories
jukun,5304,Jukun,Territories
wadigali,5303,Wadigali,Territories
yinggarda,5302,Yinggarda,Territories
cree,5301,Cree,Territories
nana,5300,Nana,Territories
jaminjung,5299,Jaminjung,Territories
worimi,5298,Worimi,Territories
andegerebenha,5297,Andegerebenha,Territories
malpa,5296,Malpa,Territories
twana-skokomish,5295,Twana/Skokomish,Territories
champagne-aishihik,5294,Champagne & Aishihik,Territories
chiapaneco,5293,Chiapaneco,Territories
nyul-nyul,5292,Nyul Nyul,Territories
mojave,5291,Pipa Aha Macav (Mojave),Territories
nyangumarda,5290,Nyangumarda,Territories
gunwinggu,5289,Gunwinggu,Territories
klahoose,5288,ƛohos giǰi (Klahoose),Territories
luritja,5287,Luritja,Territories
obispeno,5286,Obispeño,Territories
tanacross,5285,Tanacross,Territories
coquille-umpqua-chetco-tolowa-tututni,5284,Tolowa Dee-ni’,Territories
ute,5282,Núu-agha-tʉvʉ-pʉ̱ (Ute),Territories
wailaki,5281,Wailaki,Territories
x%ca%b7m%c9%99%ce%b8k%ca%b7%c9%99y%cc%93%c9%99m,5280,šxʷməθkʷəy̓əmaɁɬ təməxʷ (Musqueam),Territories
ramaytush,5279,Ramaytush,Territories
mingin,5278,Mingin,Territories
metis,5277,Michif Piyii (Métis),Territories
ngarti,5276,Ngarti,Territories
hoh,5275,ChalAt’i’lo t’sikAti (Chalat’),Territories
mpalitjanh,5274,Mpalitjanh,Territories
canarsie,5273,Canarsie,Territories
yokuts,5272,Yokuts,Territories
kalaamaya,5271,Kalaamaya,Territories
makah,5269,Qʷidiččaʔa•tx̌ (Makah),Territories
ngargad,5268,Ngargad,Territories
kanaka-maoli,5267,Kānaka Maoli,Territories
kuku-yalanji,5266,Kuku-yalanji,Territories
awaswas,5265,Awaswas,Territories
snuneymuxw,5264,Snuneymuxw,Territories
ngurraiillam,5263,Ngurraiillam,Territories
coast-miwok,5262,Me-Wuk (Coast Miwok),Territories
karuwali,5261,Karuwali,Territories
lenca,5260,Lenca,Territories
malak-malak,5259,Malak malak,Territories
dadi-dadi,5258,Dadi Dadi,Territories
iningai,5257,Iningai,Territories
abenaki-abenaquis,5256,N'dakina (Abenaki / Abénaquis),Territories
guarijio,5255,Guarijío/Guarijó,Territories
yandruwandha,5254,Yandruwandha,Territories
ngumbarl,5253,Ngumbarl,Territories
djawi,5252,Djawi,Territories
chilula,5251,Chilula,Territories
modoc-oklahoma,5250,Modoc (Oklahoma),Territories
nahuatl-8,5249,Nahua (Michoacan),Territories
marringarr,5248,Marringarr,Territories
lacandon,5247,Hach Winik (Lacandon),Territories
new-river-shasta,5246,New River Shasta,Territories
tanana,5245,Tanana,Territories
warlmanpa,5244,Warlmanpa,Territories
didxazon,5243,Ben 'Zaa/Binnizá/Mén Diiste/Bene Xhon (Zapoteco),Territories
central-sierra-miwok,5242,Me-Wuk (Central Sierra Miwok),Territories
totonaco,5241,Totonaco,Territories
mattole,5240,Mattole,Territories
tsimshian,5239,La̱xyuubm Ts'msyen (Tsimshian),Territories
paugussett,5238,Paugussett,Territories
mescalero-apache,5237,Mescalero Apache,Territories
gunu,5236,Gunu,Territories
mam,5235,Winaq Qo’ (Mam),Territories
cahuilla,5234,Ɂívil̃uwenetem Meytémak (Cahuilla),Territories
trondek-hwechin,5233,Tr'ondëk Hwëch'in,Territories
paipai-akwaala,5232,Paipai (Akwa'ala),Territories
tsuu-tina,5230,Tsuu T'ina,Territories
yaqui,5229,Yoeme (Yaqui),Territories
katzie,5228,sq̓əc̓iy̓aɁɬ təməxʷ (Katzie),Territories
oneida,5227,Onʌyote'a•ka (Oneida),Territories
nunatsiavut,5226,Nunatsiavut,Territories
matlatzinco-matlatzinteca,5225,Matlatzinco/matlatzinteca,Territories
chontal-de-guerrero-tuxteco,5224,Chontal de Guerrero - Tuxteco,Territories
hualapai,5223,Hualapai,Territories
huron-wendat,5222,Wendake-Nionwentsïo,Territories
caxcan,5221,Caxcan,Territories
sicoags,5220,Sicaog (Saukiog),Territories
yinwum,5219,Yinwum,Territories
karajarri,5218,Karajarri,Territories
pericu,5217,Pericú,Territories
nahuatl-7,5216,"Nahua ( Morelos, Puebla, Tlaxcala, Veracruz, Hidalgo, San Luis Potosi, Oaxaca)",Territories
ngalakan,5215,Ngalakan,Territories
yawuru,5214,Yawuru,Territories
tharrgari,5213,Tharrgari,Territories
pueblos,5212,Pueblos,Territories
nakara,5211,Nakara,Territories
nomlaki,5210,Nomlaki,Territories
osage-oklahoma,5209,Osage (Oklahoma),Territories
amuzgo-2,5208,Tzjon Non/ Tzo'tyio (Amuzgo),Territories
muscogee-oklahoma,5207,Muscogee (Oklahoma),Territories
dene-chipewyan,5206,Denendeh (Dënësųłinë́ Nëné),Territories
nhuwala,5205,Nhuwala,Territories
tahltan,5204,Tāłtān Konelīne (Tahltan),Territories
havasupai,5203,Havasu Baaja (Havasupai),Territories
akaitcho,5202,Akaitcho,Territories
gitxsan,5201,Gitx̱san Lax̱yip,Territories
thalanyji,5200,Thalanyji,Territories
purduna,5198,Purduna,Territories
badtjala,5197,Badtjala,Territories
nungali,5196,Nungali,Territories
niitsitapi-%e1%96%b9%e1%90%9f%e1%92%a7%e1%90%a7%e1%92%a3%e1%91%af-blackfoot,5195,Niitsítpiis-stahkoii ᖹᐟᒧᐧᐨᑯᐧ ᓴᐦᖾᐟ (Blackfoot / Niitsítapi ᖹᐟᒧᐧᒣᑯ),Territories
jabirrjabirr,5194,Jabirrjabirr,Territories
moose-cree,5193,ᐃᓕᓕᐗᔅᑭᔾ Ililiwaskiy (Moose Cree),Territories
western-apache,5192,Ndee/Nnēē: (Western Apache),Territories
amangu,5191,Amangu,Territories
tjalkanti,5190,Tjalkanti,Territories
kooma,5189,Kooma,Territories
tzeltal,5188,Winik Atel (Tzeltal),Territories
nitassinan-innu,5187,Nitassinan (Innu),Territories
yuru,5186,Yuru,Territories
chinook,5185,Chinook,Territories
ho-chunk-2,5184,Hoocąk (Ho-Chunk),Territories
bindal,5183,Thul Garrie Waja (Bindal),Territories
gubbi-gubbi,5182,Dyungungoo (Gubbi Gubbi),Territories
gananggalinda,5181,Gananggalinda,Territories
mandandanji,5179,Mandandanji,Territories
seminole-oklahoma,5178,Seminole (Oklahoma),Territories
chalon,5177,Chalon,Territories
alsea,5176,Älsé (Alsea),Territories
kuungkari,5175,Kuungkari,Territories
aymara,5174,Aymara,Territories
assiniboine,5173,Assiniboine,Territories
yuwi,5171,Yuwi,Territories
tenino,5170,Tenino,Territories
konbudj,5169,Konbudj,Territories
muscogee,5168,Mvskoke (Muscogee),Territories
kiowa-comanche-apache-oklahoma,5167,Kiowa-Comanche-Apache (Oklahoma),Territories
seneca-cayuga-oklahoma,5166,Seneca-Cayuga (Oklahoma),Territories
chowanoke,5165,Chowanoke,Territories
pinikura,5164,Pinikura,Territories
menominee,5163,Oma͞eqnomenew-ahkew (Menominee),Territories
danaxdaxw-awaetlatla,5162,Da'naxda'xw Awaetlatla,Territories
opata,5161,Ópata (Tegüima-Eudebe-Hoba),Territories
chorti,5160,Ch'orti',Territories
huasteco-teenek,5159,Tének,Territories
kunja,5158,Kunja,Territories
mayi-kutuna,5157,Mayi-Kutuna,Territories
klamath,5156,Klamath,Territories
pescado,5155,Pescado,Territories
shawnee,5154,Shawandasse Tula (Shawanwaki/Shawnee),Territories
quatsino,5153,Quatsino,Territories
quileute,5152,Quileute,Territories
zoque-4,5151,O’ de püt/Angpøn (Zoque),Territories
wakaya,5150,Wakaya,Territories
secatogue,5149,Secatogue,Territories
kaniyang,5148,Kaniyang,Territories
wolastoqiyik,5147,Wolastoqiyik (Maliseet),Territories
anggamudi,5146,Anggamudi,Territories
djabwurung,5145,Djabwurung,Territories
secwepemc-secwepemculecw,5144,Secwepemcúl'ecw (Secwépemc),Territories
wangunks,5142,Wangunks,Territories
kukatj,5141,Kukatj,Territories
kadjerong,5140,Kadjerong,Territories
chinanteco,5139,Chinantla (Tsa ju jmí’),Territories
guarani,5138,Tekohá (Guarani),Territories
maranunggu,5137,Maranunggu,Territories
cheyenne-arapaho-oklahoma,5136,Cheyenne-Arapaho (Oklahoma),Territories
lummi,5135,Lhaq’temish (Lummi),Territories
winnimem-wintu,5134,Winnimem Wintu,Territories
papago-tohono-oodham,5133,Tohono O'odham,Territories
thaayorre,5132,Thaayorre,Territories
cree-nehiyawak-of-eeyou-istchee,5131,Eeyou Istchee,Territories
lardil,5130,Lardil,Territories
homalco,5129,Homalco,Territories
goshute,5128,Goshute,Territories
nahuatl-6,5127,Nahua (Guerrero),Territories
warnindilyakwa,5126,Warnindilyakwa,Territories
bay-miwok,5125,Me-Wuk (Bay Miwok),Territories
mudburra,5124,Mudburra,Territories
qeqchi,5123,Q'eqchi',Territories
ngarinman,5122,Ngarinman,Territories
taungurong,5121,Taungurung,Territories
dehcho-dene,5120,Dehcho Dene,Territories
unggarangi,5117,Unggarangi,Territories
salish-kootenai-tribes,5115,Salish & Kootenai Tribes,Territories
kuuku-yau,5114,Kuuku-ya'u,Territories
gunindiri,5113,Gunindiri,Territories
kuuvuan-kanianiq,5112,Kuuvuan KaNianiq,Territories
beaver-lake-cree,5110,Beaver Lake Cree,Territories
whilkut,5109,Whilkut,Territories
montauk,5108,Montaukett,Territories
northern-pomo,5107,Northern Pomo,Territories
pacaxes,5105,Pacaxes,Territories
garawa,5104,Garawa,Territories
murrinh-patha,5102,Murrinh-patha,Territories
anmatyerre,5101,Anmatyerre,Territories
nunggubuyu,5100,Nunggubuyu,Territories
sumas,5099,Sumas,Territories
upper-kuskokwim,5098,Upper Kuskokwim,Territories
ineseno,5097,Ineseño,Territories
wangkumara,5096,Wangkumara,Territories
beaver,5095,Beaver,Territories
ponca,5094,Páⁿka tóⁿde ukʰéthiⁿ (Ponca),Territories
guasaves-tamazulas,5093,Guasaves/Tamazulas,Territories
merrick,5092,Merrick,Territories
wambaya,5091,Wambaya,Territories
antakarinja,5090,Antakarinja,Territories
winda-winda,5089,Winda Winda,Territories
warumungu,5088,Warumungu,Territories
patwin,5087,Patwin,Territories
goreng,5086,Goreng,Territories
ngandji,5085,Ngandji,Territories
eyak,5084,Eyak,Territories
deg-hitan,5083,Deg Xit'an Ngan' (Deg Xit'an),Territories
guanahatabey,5082,Guanahatabey,Territories
bibbulman,5081,Bibbulman,Territories
wardaman,5080,Wardaman,Territories
kaurna,5078,Kaurna Pangkarra,Territories
chickasaw-oklahoma,5077,Chickasaw (Oklahoma),Territories
yanyuwa,5076,Yanyuwa,Territories
tagish,5075,Tagish,Territories
gureng-gureng,5074,Gureng Gureng,Territories
x%cc%b1aayda,5073,Haida,Territories
acjachemen-juaneno,5072,Acjachemen (Juaneño),Territories
birria,5071,Birria,Territories
unggumi,5070,Unggumi,Territories
tsilqotin,5069,Tŝilhqot’in Nen,Territories
walangama,5068,Walangama,Territories
muralag,5067,Muralag,Territories
baradha,5066,Baradha,Territories
sliammon,5065,ɬaʔamɩn gɩǰɛ (Tla'amin/Sliammon),Territories
matinecock,5064,Matinecock,Territories
wetsuweten,5063,Wet'suwet'en Yintikh,Territories
lamalama,5062,Lamalama,Territories
schitsuumsh-coeur-dalene,5061,Schitsu'umsh (Coeur d'Alene),Territories
mbara,5060,Mbara,Territories
nongatl,5059,Nongatl,Territories
koyukon,5058,Koyukon,Territories
akimel-oodham,5057,Akimel O'odham (Upper Pima),Territories
kitanemuk,5056,Kitanemuk,Territories
nhanta,5054,Nhanta,Territories
ngaanyatjarra,5053,Ngaanyatjarra,Territories
julimes,5051,Julimes,Territories
yakama,5050,Yakama,Territories
mohican,5049,Mohican,Territories
nyamal,5048,Nyamal,Territories
pinjarup,5047,Pinjarup,Territories
mountain-maidu,5045,Mountain Maidu,Territories
tsawwassen-sc%cc%93%c9%99wa%ce%b8en,5044,sc̓əwaθenaɁɬ təməxʷ (Tsawwassen),Territories
xinca,5043,Xinca,Territories
latje-latje,5042,Latje Latje,Territories
gugu-badhun,5041,Gugu-Badhun,Territories
banjima,5040,Banjima,Territories
oceti-sakowin-sioux,5039,Očhéthi Šakówiŋ,Territories
guugu-yimidhirr,5038,Guugu-Yimidhirr,Territories
arapaho,5037,hinono'eino' biito'owu' (Arapaho),Territories
tlapaneco,5036,Me̱'pha̱a̱ (Tlapaneco),Territories
wiyot,5035,Wiyot,Territories
garingbal,5034,Garingbal,Territories
suquamish,5033,Suquamish,Territories
nguri,5032,Nguri,Territories
central-pomo,5031,Central Pomo,Territories
chahta-choctaw,5030,Chahta Yakni (Choctaw),Territories
massacoes,5029,Massacoes,Territories
otoe-missouri-oklahoma,5028,Jíwere–Ñút’achi Máyaⁿ (Otoe-Missouria [Oklahoma]),Territories
watjarri,5027,Watjarri,Territories
dhirari,5026,Dhirari,Territories
clatskanie,5025,Clatskanie,Territories
totonac,5024,Totonac,Territories
yinhawangka,5023,Yinhawangka,Territories
stoney,5022,Ĩyãħé Nakón mąkóce (Stoney),Territories
ottawa-oklahoma,5021,Ottawa (Oklahoma),Territories
charruas,5020,Charrúa,Territories
skagit,5019,Skagit,Territories
malyangaba,5018,Malyangaba,Territories
piscataway,5017,Piscataway,Territories
pitta-pitta,5016,Pitta-Pitta,Territories
kukatja,5015,Kukatja,Territories
chontal-de-tabasco,5014,Yoko T’aan (Chontal),Territories
wabanaki-confederacy,5013,Wabanaki (Dawnland Confederacy),Territories
sobaipuri,5012,Sobaipuri,Territories
pocumtuc,5011,Pocumtuc,Territories
northern-wintu,5010,Wintʰu• Po•m (Northern Wintu),Territories
vuntut-gwitchin,5009,Vuntut Gwich'in,Territories
biripi,5008,Biripi,Territories
karuk,5007,Karuk,Territories
mara,5006,Mara,Territories
warwa,5005,Warwa,Territories
gundungurra,5004,Gandangara /Gundungurra,Territories
wik,5003,Wik,Territories
gangulu,5002,Gangulu,Territories
tsoyaha-yuchi,5001,S’atsoyaha (Yuchi),Territories
miami,5000,Myaamia,Territories
ngarluma,4998,Ngarluma,Territories
pintupi,4997,Pintupi,Territories
cheraw,4996,Cheraw,Territories
coca,4995,Coca,Territories
meru,4994,Meru,Territories
tubatulabal,4993,Tübatulabal,Territories
tsleil-waututh-s%c9%99l%cc%93ilw%c9%99ta%c9%82%c9%ac,4992,səl̓ilwətaɁɬ təməxʷ (Tsleil-Waututh),Territories
catawba,4991,Mánu: Yį Įsuwą (Catawba),Territories
inuvialuit,4990,Inuvialuit,Territories
cochimi,4989,Comom’ti-pa (Cochimí),Territories
cahto,4988,Cahto,Territories
potawatomi-shawnee-oklahoma,4987,Potawatomi-Shawnee (Oklahoma),Territories
palyku-3,4986,Palyku,Territories
coos-lower-umpqua-siuslaw,4985,"Coos, Lower Umpqua, Siuslaw",Territories
nuxalk,4984,Kulhulmcilh (Nuxalk),Territories
nlakapamux,4983,Nłeʔkepmx Tmíxʷ (Nlaka'pamux),Territories
worla,4982,Worla,Territories
waanyi,4981,Waanyi,Territories
haisla,4980,x̣àʼisla w̓áwís (Haisla),Territories
warray,4979,Warray,Territories
yanga,4977,Yanga,Territories
wawula,4976,Wawula,Territories
geawegal,4975,Geawegal,Territories
thiin,4973,Thiin,Territories
dangbon,4971,Dangbon,Territories
roanoke,4970,Roanoke,Territories
kurrama,4969,Kurrama,Territories
dharug,4968,Dharug,Territories
northern-yukian,4967,Northern Yuki,Territories
gagudju,4966,Gagudju,Territories
mocho,4965,Mochó,Territories
konkow-maidu,4964,Kojomk'awi (Konkow),Territories
gunbalang,4963,Gunbalang,Territories
aleut,4962,Unangam Tanangin (Unangax̂ /Aleut),Territories
kokomini,4961,Kokomini,Territories
barna,4960,Barna,Territories
zacateco,4959,Zacateco ,Territories
kaqchikel,4958,Kaqchikel,Territories
pequot-mohegan,4957,Pequot,Territories
kickapoo-oklahoma,4956,Kickapoo (Oklahoma),Territories
kungarakany,4955,Kungarakany,Territories
purhepecha,4954,Iréchikwa Ts'intsúntsani (P'urhépecha Kingdom),Territories
siuslaw,4953,Siuslaw,Territories
pitjantjatjara,4952,Pitjantjatjara,Territories
kwantlen,4951,Kwantlen,Territories
bidjara,4950,Bidjara,Territories
kwini,4949,Kwini,Territories
budjari,4947,Budjari,Territories
miwa,4946,Miwa,Territories
wasco-and-wishram,4945,Wasco and Wishram,Territories
hammonassets,4944,Hammonassets,Territories
kaw-oklahoma-2,4943,Kaw (Oklahoma),Territories
mirning,4942,Mirning,Territories
raramuri,4941,Ralámuli/Rarámari/Rarómari (Tarahumara),Territories
salinan,4940,Salinan,Territories
hia-ced-oodham,4939,Hia-Ced O'odham,Territories
massa-adchu-es-et-massachuset-2,4938,Massa-adchu-es-et (Massachusett),Territories
kaytej,4937,Kaytej,Territories
gabalbara,4936,Gabalbara,Territories
han,4935,Hän,Territories
kiche,4934,K'iche',Territories
wudjari,4933,Wudjari,Territories
gayardilt,4932,Gayardilt,Territories
jiwarli,4931,Jiwarli,Territories
kaska-dena,4930,Kaska Dena Kayeh,Territories
little-salmon-carmacks,4929,Tagé Cho Hudän (Little Salmon/Carmacks),Territories
bodwewadmi-potawatomi,4928,Bodwéwadmi (Potawatomi),Territories
uutaalnganu,4927,Uutaalnganu,Territories
tiwi,4926,Tiwi,Territories
rockaway,4925,Lekawe (Rockaway),Territories
mithaka,4924,Mithaka,Territories
jococobas,4923,Jococobas,Territories
marrithiyel,4922,Marrithiyel,Territories
erie,4921,Erie,Territories
iviit-nunaat,4920,Iviit Nunaat,Territories
mutumui,4919,Mutumui,Territories
aseniwuche-winewak-rocky-mountain,4918,As'in'i'wa'chi Niy'yaw Askiy (Rocky Mountain Cree),Territories
guna-dule,4917,Gunadule (Kuna-Tule),Territories
kokatha,4916,Kokatha,Territories
miyan,4915,Miyan,Territories
hulquminum-treaty-group,4914,Hul'qumi'num Treaty Group,Territories
yankuntjatjara,4913,Yankuntjatjara,Territories
woodland-cree,4912,Woodland Cree,Territories
teslin-tlingit,4911,Teslin Tlingit Council (Yukon),Territories
rumsen,4909,Rumsen,Territories
nawu,4908,Nawu,Territories
kalispel,4907,Kalispel,Territories
wonnarua,4906,Wonnarua,Territories
baraba-baraba,4904,Baraba Baraba,Territories
seri,4903,Comca'ac (Seri),Territories
bukurnidja,4902,Bukurnidja,Territories
biri,4901,Biri,Territories
kalkadoon,4900,Kalkadoon,Territories
pamunkey,4898,Pamunkey,Territories
waka-waka,4897,Waka Waka,Territories
maung,4896,Maung,Territories
gulidjan,4895,Gulidjan,Territories
tjungundji,4894,Tjungundji,Territories
margany,4893,Margany,Territories
southern-inuit-nunatukavut,4892,NunatuKavut,Territories
modoc,4891,Modoc,Territories
maya-yucateco,4890,Maya (Yucateco),Territories
shishalh,4889,shíshálh swíya (Sechelt),Territories
peoria-oklahoma,4888,Peoria (Oklahoma),Territories
wathaurong,4887,Wathaurong,Territories
gunditjmara,4886,Gunditjmara,Territories
nunavik,4885,ᓄᓇᕕᒃ Nunavik,Territories
darkinung,4884,Darkinung,Territories
yambina,4883,Yambina,Territories
southern-mono-monache,4882,Western Mono/Monache,Territories
ngarla,4881,Ngarla,Territories
ngawun,4880,Ngawun,Territories
hupacasath,4879,Hupacasath,Territories
mikmaq,4878,Mi'kma'ki,Territories
yitha-yitha,4877,Yitha Yitha,Territories
karkin,4876,Karkin,Territories
columbia-wenatchi,4875,np̓əšqʷáw̓səxʷ (Wenatchi),Territories
lekwungen-songhees,4873,Lekwungen/Songhees,Territories
ngalawangka,4872,Ngalawangka,Territories
nipmuck,4871,Nipmuc,Territories
sahtu-dene-and-metis,4870,Sahtu Dene and Metis,Territories
arrernte,4869,Arrernte,Territories
poqomam,4868,Poqomam,Territories
wakabunga,4867,Wakabunga,Territories
waveroo,4866,Waveroo,Territories
yiman,4865,Yiman,Territories
umpila,4864,Umpila,Territories
tsnungwe,4863,Tsnungwe,Territories
koko-bera,4862,Koko-bera,Territories
odawa,4861,Odawa,Territories
nottoway-cheroenhaka,4860,Nottoway (Cheroenhaka),Territories
yulparitja,4859,Yulparitja,Territories
chol,4858,Wiñikoñlojoñbä /Xk'uk'witsob/Ajlumob (Ch'ol),Territories
kumeyaay,4857,Kumeyaay/Kumiais,Territories
yindjibarndi,4856,Yindjibarndi,Territories
ngalkbun,4855,Ngalkbun,Territories
monacan,4854,Monacan,Territories
monqui,4853,Monqui,Territories
newe-western-shoshone,4852,Newe Segobia (Western Shoshone),Territories
kalaw-kawaw-ya,4851,Kalaw Kawaw Ya,Territories
wangkamana,4850,Wangkamana,Territories
sinixt,4849,snʕickstx tmxʷúlaʔxʷ (Sinixt),Territories
sinkyone,4848,Sinkyone,Territories
carcross-tagish,4847,Carcross/Tagish First Nation (Yukon),Territories
takalak,4846,Takalak,Territories
chehalis,4845,Sq'ʷayáiɬaqtmš (Chehalis),Territories
mangala,4844,Mangala,Territories
lake-miwok,4843,Me-Wuk (Lake Miwok),Territories
kalapuya,4842,Kalapuya,Territories
choctaw-oklahoma,4841,Choctaw (Oklahoma),Territories
kelly-lake-metis-settlement-society,4840,Kelly Lake Metis Settlement Society,Territories
northeastern-pomo,4839,Northeastern Pomo,Territories
quechua-2,4838,Quechua-Kichwa,Territories
jawoyn,4837,Jawoyn,Territories
kureinji,4836,Kureinji,Territories
fernandeno-tataviam,4835,Fernandeño Tataviam,Territories
ngarinyin,4834,Ngarinyin,Territories
wuthathi,4833,Wuthathi,Territories
maricopa-pima,4832,Piipaash (Maricopa),Territories
yupangathi,4831,Yupangathi,Territories
nakako,4830,Nakako,Territories
kalinago-island-carib,4829,Kalinago (Island Carib),Territories
popoluca-mixe-zoque,4828,Popoluca (mixe-zoque),Territories
n%ca%89m%ca%89n%ca%89%ca%89-comanche,4827,Nʉmʉnʉʉ Sookobitʉ (Comanche),Territories
tlicho-agreement,4826,Tłı̨chǫ Ndè,Territories
yupik,4825,Yup’ik/Cup’ik,Territories
jaburrara,4824,Jaburrara,Territories
wunumara,4822,Wunumara,Territories
yilba,4821,Yilba,Territories
woolna,4820,Woolna,Territories
plains-miwok,4819,Miwok,Territories
embera,4818,Emberá/Eperara/Épera,Territories
gwitchin-settlement-region,4817,Gwich'in Settlement Region,Territories
corchaug,4816,Corchaug,Territories
wuningangk,4815,Wuningangk,Territories
alutiiq-sugpiaq,4814,Alutiiq (Sugpiaq),Territories
sauk-and-meskwaki,4813,oθaakiiwaki‧hina‧ki (Sauk) & Meškwahki·aša·hina (Fox),Territories
jaru,4812,Jaru,Territories
malkana,4811,Malkana,Territories
tohono-oodham,4810,O'odham Jeweḍ,Territories
gayiri,4809,Gayiri,Territories
wuikinuxv-oweekeno,4808,Wuikinuxv (Oweekeno),Territories
kuthant,4806,Kuthant,Territories
barranbinya,4805,Barranbinya,Territories
kiliwa,4803,Ko'lew (Kiliwa),Territories
inupiatun,4802,Inupiat,Territories
inuit,4801,Inuit Nunangat ᐃᓄᐃᑦ ᓄᓇᖓᑦ,Territories
anguthimri,4800,Anguthimri,Territories
gamberre,4799,Gamberre,Territories
salish-kootenai-flathead,4798,Salish,Territories
iowa-oklahoma,4797,Iowa (Oklahoma),Territories
koknar,4796,Koknar,Territories
shoshone-bannock,4795,Shoshone-Bannock,Territories
worora,4794,Worora,Territories
anishinabek-%e1%90%8a%e1%93%82%e1%94%91%e1%93%88%e1%90%af%e1%92%83,4793,Anishinabewaki ᐊᓂᔑᓈᐯᐗᑭ,Territories
lenape,4792,Lenapehoking (Lenni-Lenape),Territories
wongaibon,4791,Wongaibon,Territories
nyikina,4789,Nyikina,Territories
yana,4788,Yana,Territories
alawa,4787,Alawa,Territories
tzutujil,4786,Tz'utujil,Territories
muruwari,4785,Muruwari,Territories
tongva-gabrieleno,4784,Tongva (Gabrieleno),Territories
chontal,4783,Slijuala Xanuc (Chontal),Territories
atikamekw,4782,Nitaskinan (Atikamekw / Nehirowisi Aski),Territories
cow-creek-umpqua,4780,Cow Creek Umpqua,Territories
jingili,4779,Jingili,Territories
dene-tha,4778,Dene Tha',Territories
northern-paiute,4777,Numu (Northern Paiute),Territories
taan-kwachan,4776,Ta'an Kwäch'än,Territories
wemba-wemba,4775,Wemba Wemba,Territories
barundji,4774,Barundji,Territories
kuyani,4773,Kuyani,Territories
guwa,4772,Guwa,Territories
buandig,4771,Buandig,Territories
tuscarora,4770,Skaruhreh/Tuscarora (North Carolina),Territories
burarra,4769,Burarra,Territories
kunjen,4768,Kunjen,Territories
poquonock,4767,Pequonnock,Territories
in-shuck-ch,4766,In-SHUCK-ch,Territories
ngaliwuru,4765,Ngaliwuru,Territories
yanda,4764,Yanda,Territories
cheyenne,4762,Tséstho'e (Cheyenne),Territories
kamilaroi,4761,Kamilaroi,Territories
pacheedaht,4760,Pacheedaht,Territories
pawnee-oklahoma,4759,Pawnee (Oklahoma),Territories
yekooche,4758,Yekooche,Territories
wiljali,4757,Wiljali,Territories
punuba,4756,Bunuba,Territories
ciguayo,4755,Ciguayo,Territories
nahuas,4754,Nahuas,Territories
tepehua,4753,Tepehua,Territories
omaha,4752,Umoⁿhoⁿ (Omaha),Territories
dieri,4751,Dieri,Territories
naskapi,4750,ᒋᑦ ᐊᔅᒋᓄᐤ St'aschinuw (Naskapi),Territories
kokowarra,4749,Kokowarra,Territories
wandjiwalgu,4748,Wandjiwalgu,Territories
cowlitz,4747,Stl'pulmsh (Cowlitz),Territories
gunibidji,4746,Gunibidji,Territories
totorames,4745,Totorames,Territories
mangarayi,4744,Mangarayi,Territories
kariyarra,4743,Kariyarra,Territories
ngandi,4740,Ngandi,Territories
coahuiltecan,4739,Coahuiltecan,Territories
tunxis,4738,Tunxis,Territories
gurindji,4737,Gurindji,Territories
takelma,4736,Takelma,Territories
quinnipiac,4735,Quinnipiac,Territories
bidwell,4734,Bidwell,Territories
limilngan,4733,Limilngan,Territories
wichita,4732,Wichita,Territories
taino,4731,Taíno,Territories
martuthunira,4730,Martuthunira,Territories
popoluca-chocho,4729,Runixa Ngiigua (Chocho),Territories
algonquin,4728,Omàmìwininìwag (Algonquin),Territories
kala-lagaw-ya,4727,Kala Lagaw Ya,Territories
holikachuk,4726,Holikachuk,Territories
nimiipuu-nez-perce,4725,Nimiipuu (Nez Perce),Territories
ngatatjara,4724,Ngatatjara,Territories
hoopa,4723,Hoopa Valley Reservation,Territories
dainggatti,4722,Dainggatti,Territories
narangga,4721,Narangga,Territories
plains-cree,4720,ᓀᐦᐃᔭᐤ ᐊᐢᑭᕀ Nêhiyaw-Askiy (Plains Cree),Territories
southern-paiute,4719,Nuwuvi (Southern Paiute),Territories
yuat,4718,Yuat,Territories
chiricahua-apache,4717,Chiricahua Apache,Territories
mexicanero-nahuatl,4716,Mexicanero (Nahuas),Territories
ganggalida,4715,Ganggalida,Territories
wangkathaa,4714,Wangkathaa,Territories
mandan-hidatsa-and-arikara,4713,"Mandan, Hidatsa, and Arikara",Territories
molalla,4712,Molalla,Territories
setalcott,4711,Setalcott,Territories
lemhi-shoshone,4710,Lemhi-Shoshone,Territories
umbindhamu,4709,Umbindhamu,Territories
meherrin,4708,Kauwets'a:ka,Territories
amarak,4707,Amarak,Territories
sihapsa,4706,Sihapsa,Territories
djargurdwurung,4705,Djargurdwurung,Territories
hopi,4704,Hopitutskwa,Territories
awabakal,4703,Awabakal,Territories
pawnee,4702,Pâri (Pawnee),Territories
andyamathanha,4701,Andyamathanha,Territories
pima-tohono-oodham,4700,O'ob (Lower Pima),Territories
big-stone-cree,4699,Big Stone Cree,Territories
guamares,4698,Guamares,Territories
w%cc%b1sanec,4697,"Á,LEṈENEȻ ȽTE (W̱SÁNEĆ)",Territories
kaw-oklahoma,4696,Kaw (Oklahoma),Territories
dakel-%e1%91%95%e1%97%b8%e1%92%a1,4695,Dakeł Keyoh (ᑕᗸᒡ ᗲᘏᑋ),Territories
northern-sierra-miwok,4694,Me-Wuk (Northern Sierra Miwok),Territories
kundjeymi,4693,Kundjey'mi,Territories
wyandotte-oklahoma,4690,Wyandotte (Oklahoma),Territories
barindji,4688,Barindji,Territories
mbukarla,4687,Mbukarla,Territories
karangpurru,4686,Karangpurru,Territories
barkindji,4685,Barkindji,Territories
kija,4684,Kija,Territories
yolngu,4683,Yolngu,Territories
qayqayt,4682,Qayqayt,Territories
sturgeon-lake-cree,4681,Sturgeon Lake Cree,Territories
ktunaxa,4680,Ktunaxa ɁamakɁis,Territories
lilwat,4679,Lil'wat,Territories
coast-yuki,4678,Coast Yuki,Territories
mannansett,4677,Mannansett,Territories
maiawali,4676,Maiawali,Territories
sac-and-fox-oklahoma,4675,Sac and Fox (Oklahoma),Territories
osage,4674,𐓏𐒰𐓓𐒰𐓓𐒷  𐒼𐓂𐓊𐒻  𐓆𐒻𐒿𐒷  𐓀𐒰^𐓓𐒰^(Osage),Territories
massapequas,4673,Massapequas,Territories
quapaw,4672,O-ga-xpa Ma-zhoⁿ (O-ga-xpa) (Quapaw),Territories
irritilas-lagunero,4671,Irritilas/Lagunero,Territories
larrakia,4670,Larrakia,Territories
cocopah,4669,Xawiƚƚ kwñchawaay (Cocopah),Territories
quechan-kwatsaan,4668,Quechan (Kwatsáan),Territories
mazatec,4667,Ha Shuta Enima (Mazateco),Territories
bundjalung,4666,Bundjalung,Territories
jurruru,4665,Jurruru,Territories
maya,4664,Maya,Territories
chickasaw,4663,Chikashsha  I̠yaakni' (Chickasaw),Territories
otoe-missouria-oklahoma,4662,Otoe-Missouria (Oklahoma),Territories
badimaya,4661,Badimaya,Territories
ngadjuri,4660,Ngadjuri,Territories
ohlone,4658,Ohlone,Territories
navajo,4657,Diné Bikéyah,Territories
wagiman,4656,Wagiman,Territories
yirandali,4655,Yirandali,Territories
palouse,4654,Palouse,Territories
wurundjeri,4653,Wurundjeri,Territories
nentego-nanticoke,4652,Nentego (Nanticoke),Territories
popoluca-puebla,4651,Ngi-iva (Popoloca),Territories
nahaganset,4650,Nahaganset,Territories
cherokee-oklahoma,4649,Cherokee (Oklahoma),Territories
marramaninjsji,4648,Marramaninjsji,Territories
djirbalngan,4647,Djirbalngan,Territories
southern-pomo,4645,Southern Pomo,Territories
tjerratj,4644,Tjerratj,Territories
umida,4643,Umida,Territories
yuhaviatam-serrano,4642,Yuhaaviatam/Maarenga'yam (Serrano),Territories
gwasala-nakwaxdaxw,4641,Gwa'Sala-'Nakwaxda'xw,Territories
tepehuan-2,4640,Tepehuán,Territories
giraiwurung,4639,Giraiwurung,Territories
duwamish,4638,Duwamish,Territories
tharawal,4637,Tharawal,Territories
tetlit-gwichin,4636,Tetlit Gwich'in,Territories
nisenan,4635,Nisenan,Territories
bularnu,4633,Bularnu,Territories
kuring-gai,4632,Guringai,Territories
kurtjar,4631,Kurtjar,Territories
yangman,4630,Yangman,Territories
bilinara,4629,Bilinara,Territories
minang,4627,Minang,Territories
semiahmoo,4626,Semiahmoo,Territories
wuli-wuli,4625,Wuli-wuli,Territories
wergaia,4624,Wergaia,Territories
peramangk,4623,Peramangk,Territories
wappo,4621,Onasatis (Wappo),Territories
yawarawarka,4620,Yawarawarka,Territories
klallam,4619,S'Klallam,Territories
shasta,4617,Shasta,Territories
kiowa,4616,Gáuigú (Kiowa),Territories
iwaidja,4614,Iwaidja,Territories
tahues,4613,Tahues,Territories
jardwadjali,4612,Jardwadjali,Territories
eastern-pomo,4611,Eastern Pomo,Territories
doolboong-miriwoong,4610,Doolboong/Miriwoong,Territories
nyaki-nyaki,4609,Nyaki-nyaki,Territories
ngarigo,4608,Ngarigo,Territories
gunggari,4607,Gunggari,Territories
bigambul,4606,Bigambul,Territories
wadjigu,4605,Wadjigu,Territories
darumbal,4604,Darumbal,Territories
yidinjdji,4603,Yidinjdji,Territories
janos,4602,Janos,Territories
boonwurrung,4601,Boon Wurrung,Territories
stolo-treaty-association,4600,S’ólh Téméxw (Stó:lō),Territories
nari-nari,4599,Nari Nari,Territories
ngalea,4598,Ngalea,Territories
timucua,4597,Timucua,Territories
nyanganyatjara,4596,Nyanganyatjara,Territories
ngangikurunggurr,4594,Ngan'gikurunggurr,Territories
lassik,4593,Lassik,Territories
kaw-kansa,4592,Washtáge Moⁿzháⁿ (Kaw / Kansa),Territories
miskito,4590,Miskito,Territories
nauset,4589,Nauset,Territories
yagalingu,4588,Yagalingu,Territories
baiyungu,4587,Baiyungu,Territories
mixe,4585,Ayuukjä'äy (Mixe),Territories
uspantec,4584,Uspanteko,Territories
ngangiwumirri,4583,Ngan'giwumirri,Territories
ditidaht,4582,ditidaqiic̓aq disib̓aʔk (Ditidaht),Territories
mutsun,4581,Popeloutchom (Amah Mutsun),Territories
yuin,4580,Yuin,Territories
eastern-shawnee-oklahoma,4579,Eastern Shawnee (Oklahoma),Territories
warluwarra,4578,Warluwarra,Territories
ixil,4576,Ixil,Territories
sacapultec,4575,Sakapulteko,Territories
gooniyandi,4574,Gooniyandi,Territories
wiilman,4573,Wiilman,Territories
agwarmin,4572,Agwarmin,Territories
white-river,4571,White River-Kluane,Territories
barunggam,4570,Barunggam,Territories
ngombur,4569,Ngombur,Territories
ngoorabul,4568,Ngoorabul,Territories
moneton,4567,Moneton,Territories
cahita,4566,Cahita,Territories
yurok,4565,Yurok,Territories
manissean,4564,Manissean,Territories
alyawarre,4563,Alyawarre,Territories
guaycura,4562,Guaycura,Territories
wampanoag,4561,Wôpanâak (Wampanoag),Territories
kashaya,4560,Kashaya,Territories
mixtec,4559,Ñuu Savi (Mixtecapan),Territories
sekani,4557,Tse’khene,Territories
bardi,4556,Bardi,Territories
nahuatl-2,4555,Nahua,Territories
yiiji,4554,Yiiji,Territories
ngarrindjeri,4553,Ngarrindjeri,Territories
kwanlin-dun,4552,Kwanlin Dün,Territories
nissaquogue,4551,Nissaquogue,Territories
huave,4550,Ikoots/Kunajts/Ikoojts (Huave),Territories
onondaga,4548,Onundagaonoga (Onondaga),Territories
kaantju,4547,Kaantju,Territories
natchez,4546,Natchez,Territories
gungurugoni,4545,Gungurugoni,Territories
jaitmatang,4544,Jaitmatang,Territories
yorta-yorta,4543,Yorta Yorta,Territories
beothuk,4542,Beothuk,Territories
wajuk,4541,Whadjuk,Territories
atsugewi,4540,Atsugewi,Territories
shinnecock,4539,Shinnecock,Territories
podunks,4538,Podunks,Territories
mechoopda-maidu,4537,Mechoopda,Territories
jumanos,4536,Jumanos,Territories
mbabaram,4535,Mbabaram,Territories
achires,4534,Achires,Territories
na-cho-nyak-dun,4533,Na-cho Nyak Dun,Territories
oto,4532,Jiwere,Territories
eora,4531,Eora,Territories
kluane,4530,Kluane,Territories
cora,4529,Náayerite (Cora),Territories
tzotzil,4528,Batsil Winik' Otik (Tzotzil),Territories
nganyaywana,4527,Nganyaywana,Territories
mardu,4526,Mardu,Territories
tecuexe,4525,Tecuexe,Territories
apsaalooke-crow,4524,Apsaalooké (Crow),Territories
karenggapa,4523,Karenggapa,Territories
gungabula,4522,Gungabula,Territories
mayo,4521,Yoreme (Mayo),Territories
chumash,4520,Chumash,Territories
calusa,4519,Calusa,Territories
nimanburu,4518,Nimanburu,Territories
denaina,4517,Dena'ina Ełnena,Territories
gumbaynggirr,4516,Gumbaynggirr,Territories
kawaiisu,4515,Kawaiisu,Territories
washoe,4514,Wašišiw Ɂítdeʔ (Washoe),Territories
nisg%cc%b1aa,4513,Nisg̱a'a,Territories
kuuku-yani,4512,Kuuku-yani,Territories
miami-oklahoma,4511,Miami (Oklahoma),Territories
mbeiwum,4510,Mbeiwum,Territories
tonkawa-oklahoma,4509,Tonkawa (Oklahoma),Territories
avanersuaq,4508,Avanersuarmiut,Territories
okwanuchu,4507,Okwanuchu,Territories
gadubanud,4506,Gadubanud,Territories
wargamaygan,4505,Wargamaygan,Territories
bindjali,4504,Bindjali,Territories
cherokee,4503,"ᏣᎳᎫᏪᏘᏱ Tsalaguwetiyi (Cherokee, East)",Territories
ahtna,4502,Ahtna Nenn’,Territories
kwikwetlem,4501,kʷikʷəƛ̓əm,Territories
tobosos,4500,Tobosos,Territories
cupeno,4499,Cupeño,Territories
kuwarra,4498,Kuwarra,Territories
unkechaug,4497,Unkechaug,Territories
nukunu,4496,Nukunu,Territories
quinault,4495,Quinault,Territories
lumbee,4494,Lumbee,Territories
nuu-chah-nulth-tribal-council,4493,nuučaan̓uuɫɁatḥ nism̓a (Nuu-chah-nulth),Territories
wiradjuri,4492,Wiradjuri,Territories
selkirk,4491,Selkirk,Territories
mazahua,4490,jñatjo/ jñatrjo (Mazahua),Territories
kuwema,4489,Kuwema,Territories
conchos,4488,Yoli (Concho),Territories
nahuatl,4487,Nahua (Mexico),Territories
ventureno,4486,Micqanaqa’n,Territories
purisemeno,4485,'Amuwu,Territories
meriam-mir,4484,Meriam Mir,Territories
bayali,4483,Bayali,Territories
ngamini,4482,Ngamini,Territories
ngatjumay,4481,Ngatjumay,Territories
puget-sound-salish,4480,Coast Salish,Territories
danggali,4479,Danggali,Territories
nguburinji,4478,Nguburinji,Territories
ponca-oklahoma,4477,Ponca (Oklahoma),Territories
yir-yoront,4476,Yir Yoront,Territories
mandjindja,4475,Mandjindja,Territories
hesquiaht,4473,Hesquiaht,Territories
seminole,4472,Seminole,Territories
mohawk,4470,Kanienʼkehá꞉ka (Mohawk),Territories
spokane,4469,Spokane,Territories
mayi-thakurti,4468,Mayi-Thakurti,Territories
southern-sierra-miwok,4467,Me-Wuk (Southern Sierra Miwok),Territories
cayuga,4466,Odǫhwęja:deˀ (Cayuga),Territories
guaymi,4465,Buglé and Ngäbé,Territories
tjupany,4464,Tjupany,Territories
komoks,4463,K'ómoks,Territories
djadjawurung,4462,Dja Dja Wurrung,Territories
quechua,4461,Quechua,Territories
iowa,4460,Báxoje Máyaⁿ (Ioway),Territories
lucayo,4459,Lucayo,Territories
konomihu,4458,Konomihu,Territories
chemehuevi,4457,Nüwüwü (Chemehuevi),Territories
arabana,4456,Arabana,Territories
eastern-shoshone,4455,Eastern Shoshone,Territories
graton-rancheria,4454,Graton Rancheria,Territories
mexihcah-triple-alliance,4453,Mexihcah (Triple Alliance),Territories
binbinga,4452,Binbinga,Territories
cayuse-umatilla-and-walla-walla,4451,"Cayuse, Umatilla and Walla Walla",Territories
peoria,4450,Peoria,Territories
huichol-wixaritari,4449,Wixárika (Huichol),Territories
southeastern-pomo,4448,Southeastern Pomo,Territories
coyutecos-nahuatl,4447,Coyutecos (Nahua),Territories
yadhaigana,4446,Yadhaigana,Territories
susquehannock,4445,Susquehannock,Territories
tamyen,4444,Tamien Nation,Territories
warriyangga,4443,Warriyangga,Territories
wangan,4442,Wangan,Territories
achumawi,4441,Achumawi,Territories
wunambul,4440,Wunambul,Territories
kullilla,4439,Kullilla,Territories
teppathiggi,4438,Teppathiggi,Territories
huachichil,4437,Huachichil (Guachichil),Territories
walmatjarri,4436,Walmatjarri,Territories
mayi-yapi,4434,Mayi-Yapi,Territories
passamaquoddy,4433,Passamaquoddy,Territories
bandjigali,4432,Bandjigali,Territories
